"../../../Engine/Plugins/Animation/ACLPlugin/Content/ACLAnimCurveCompressionSettings.uasset" 0
"../../../Engine/Plugins/Animation/ACLPlugin/Content/ACLAnimCurveCompressionSettings.uexp" 1
"../../../Engine/Plugins/Animation/ACLPlugin/Content/ACLAnimBoneCompressionSettings.uasset" 2
"../../../Engine/Plugins/Animation/ACLPlugin/Content/ACLAnimBoneCompressionSettings.uexp" 3
"../../../Engine/Plugins/2D/Paper2D/Content/PlaceholderTextures/DummySpriteTexture.ubulk" 4
"../../../Engine/Plugins/2D/Paper2D/Content/PlaceholderTextures/DummySpriteTexture.uasset" 5
"../../../Engine/Plugins/2D/Paper2D/Content/PlaceholderTextures/DummySpriteTexture.uexp" 6
"../../../Engine/Plugins/2D/Paper2D/Content/DummySprite.uasset" 7
"../../../Engine/Plugins/2D/Paper2D/Content/DummySprite.uexp" 8
"../../../Engine/Plugins/2D/Paper2D/Content/DefaultPaperTerrainMaterial.uasset" 9
"../../../Engine/Plugins/2D/Paper2D/Content/DefaultPaperTerrainMaterial.uexp" 10
"../../../Engine/Content/Animation/DefaultVariableFrameStrippingSettings.uasset" 11
"../../../Engine/Content/Animation/DefaultVariableFrameStrippingSettings.uexp" 12
"../../../Engine/Content/EngineMaterials/DefaultPhysicalMaterial.uasset" 13
"../../../Engine/Content/EngineMaterials/DefaultPhysicalMaterial.uexp" 14
"../../../Engine/Content/EngineMaterials/DefaultDestructiblePhysicalMaterial.uasset" 15
"../../../Engine/Content/EngineMaterials/DefaultDestructiblePhysicalMaterial.uexp" 16
"../../../Engine/Content/EngineFonts/Faces/DroidSansFallback.uexp" 17
"../../../Engine/Content/EngineFonts/Faces/DroidSansFallback.uasset" 18
"../../../Engine/Content/EngineFonts/Faces/DroidSansFallback.ufont" 19
"../../../Engine/Content/EngineFonts/Faces/RobotoRegular.uexp" 20
"../../../Engine/Content/EngineFonts/Faces/RobotoRegular.uasset" 21
"../../../Engine/Content/EngineFonts/Faces/RobotoRegular.ufont" 22
"../../../Engine/Content/EngineFonts/Faces/RobotoLight.uexp" 23
"../../../Engine/Content/EngineFonts/Faces/RobotoLight.uasset" 24
"../../../Engine/Content/EngineFonts/Faces/RobotoLight.ufont" 25
"../../../Engine/Content/EngineFonts/Faces/RobotoItalic.uexp" 26
"../../../Engine/Content/EngineFonts/Faces/RobotoItalic.uasset" 27
"../../../Engine/Content/EngineFonts/Faces/RobotoItalic.ufont" 28
"../../../Engine/Content/EngineFonts/Faces/RobotoBoldItalic.uexp" 29
"../../../Engine/Content/EngineFonts/Faces/RobotoBoldItalic.uasset" 30
"../../../Engine/Content/EngineFonts/Faces/RobotoBoldItalic.ufont" 31
"../../../Engine/Content/EngineFonts/Faces/RobotoBold.uexp" 32
"../../../Engine/Content/EngineFonts/Faces/RobotoBold.uasset" 33
"../../../Engine/Content/EngineFonts/Faces/RobotoBold.ufont" 34
"../../../Engine/Content/EngineFonts/Roboto.uasset" 35
"../../../Engine/Content/EngineFonts/Roboto.uexp" 36
"../../../Engine/Content/EngineFonts/Faces/DroidSansMono.uexp" 37
"../../../Engine/Content/EngineFonts/Faces/DroidSansMono.uasset" 38
"../../../Engine/Content/EngineFonts/Faces/DroidSansMono.ufont" 39
"../../../Engine/Content/EngineFonts/DroidSansMono.uasset" 40
"../../../Engine/Content/EngineFonts/DroidSansMono.uexp" 41
"../../../Engine/Plugins/Animation/ControlRig/Content/Controls/DefaultGizmoLibraryNormalized.uasset" 42
"../../../Engine/Plugins/Animation/ControlRig/Content/Controls/DefaultGizmoLibraryNormalized.uexp" 43
"../../../Engine/Content/EngineSounds/Master.uasset" 44
"../../../Engine/Content/EngineSounds/Master.uexp" 45
"../../../Engine/Content/EngineResources/GradientTexture0.uasset" 46
"../../../Engine/Content/EngineResources/GradientTexture0.uexp" 47
"../../../Engine/Content/EditorResources/S_Actor.ubulk" 48
"../../../Engine/Content/EditorResources/S_Actor.uasset" 49
"../../../Engine/Content/EditorResources/S_Actor.uexp" 50
"../../../Engine/Content/EngineResources/DefaultTexture.ubulk" 51
"../../../Engine/Content/EngineResources/DefaultTexture.uasset" 52
"../../../Engine/Content/EngineResources/DefaultTexture.uexp" 53
"../../../Engine/Content/EngineMaterials/PreintegratedSkinBRDF.uasset" 54
"../../../Engine/Content/EngineMaterials/PreintegratedSkinBRDF.uexp" 55
"../../../Engine/Content/EngineMaterials/MiniFont.uasset" 56
"../../../Engine/Content/EngineMaterials/MiniFont.uexp" 57
"../../../Engine/Content/EngineMaterials/FastBlueNoise_vec2_128x128x64.uasset" 58
"../../../Engine/Content/EngineMaterials/FastBlueNoise_vec2_128x128x64.uexp" 59
"../../../Engine/Content/EngineMaterials/FastBlueNoise_scalar_128x128x8.uasset" 60
"../../../Engine/Content/EngineMaterials/FastBlueNoise_scalar_128x128x8.uexp" 61
"../../../Engine/Content/EngineMaterials/FastBlueNoise_scalar_128x128x64.uasset" 62
"../../../Engine/Content/EngineMaterials/FastBlueNoise_scalar_128x128x64.uexp" 63
"../../../Engine/Content/EngineMaterials/DefaultWhiteGrid.ubulk" 64
"../../../Engine/Content/EngineMaterials/DefaultWhiteGrid.uasset" 65
"../../../Engine/Content/EngineMaterials/DefaultWhiteGrid.uexp" 66
"../../../Engine/Content/EngineMaterials/DefaultBokeh.uasset" 67
"../../../Engine/Content/EngineMaterials/DefaultBokeh.uexp" 68
"../../../Engine/Content/EngineMaterials/DefaultBloomKernel.uasset" 69
"../../../Engine/Content/EngineMaterials/DefaultBloomKernel.uexp" 70
"../../../Engine/Content/EngineDamageTypes/DmgTypeBP_Environmental.uasset" 71
"../../../Engine/Content/EngineDamageTypes/DmgTypeBP_Environmental.uexp" 72
"../../../Engine/Content/EditorResources/S_TriggerSphere.uasset" 73
"../../../Engine/Content/EditorResources/S_TriggerSphere.uexp" 74
"../../../Engine/Content/EditorResources/S_TriggerCapsule.uasset" 75
"../../../Engine/Content/EditorResources/S_TriggerCapsule.uexp" 76
"../../../Engine/Content/EditorResources/S_TriggerBox.uasset" 77
"../../../Engine/Content/EditorResources/S_TriggerBox.uexp" 78
"../../../Engine/Content/EditorResources/S_Trigger.ubulk" 79
"../../../Engine/Content/EditorResources/S_Trigger.uasset" 80
"../../../Engine/Content/EditorResources/S_Trigger.uexp" 81
"../../../Engine/Content/EditorResources/S_Terrain.ubulk" 82
"../../../Engine/Content/EditorResources/S_Terrain.uasset" 83
"../../../Engine/Content/EditorResources/S_Terrain.uexp" 84
"../../../Engine/Content/EditorResources/S_Solver.ubulk" 85
"../../../Engine/Content/EditorResources/S_Solver.uasset" 86
"../../../Engine/Content/EditorResources/S_Solver.uexp" 87
"../../../Engine/Content/EditorResources/S_BoxReflectionCapture.uasset" 88
"../../../Engine/Content/EditorResources/S_BoxReflectionCapture.uexp" 89
"../../../Engine/Content/EditorResources/BSPVertex.uasset" 90
"../../../Engine/Content/EditorResources/BSPVertex.uexp" 91
"../../../Engine/Content/EditorLandscapeResources/DefaultAlphaTexture.uasset" 92
"../../../Engine/Content/EditorLandscapeResources/DefaultAlphaTexture.uexp" 93
"../../../Engine/Content/EditorLandscapeResources/LandscapeDirtyMaterial.uasset" 94
"../../../Engine/Content/EditorLandscapeResources/LandscapeDirtyMaterial.uexp" 95
"../../../Engine/Plugins/VirtualProduction/CameraCalibrationCore/Content/Materials/M_DefaultOddSquare.uasset" 96
"../../../Engine/Plugins/VirtualProduction/CameraCalibrationCore/Content/Materials/M_DefaultOddSquare.uexp" 97
"../../../Engine/Plugins/VirtualProduction/CameraCalibrationCore/Content/Materials/M_DefaultEvenSquare.uasset" 98
"../../../Engine/Plugins/VirtualProduction/CameraCalibrationCore/Content/Materials/M_DefaultEvenSquare.uexp" 99
"../../../Engine/Plugins/Runtime/HairStrands/Content/Materials/HairMeshesDefaultMaterial.uasset" 100
"../../../Engine/Plugins/Runtime/HairStrands/Content/Materials/HairMeshesDefaultMaterial.uexp" 101
"../../../Engine/Plugins/Runtime/HairStrands/Content/Materials/HairDefaultMaterial.uasset" 102
"../../../Engine/Plugins/Runtime/HairStrands/Content/Materials/HairDefaultMaterial.uexp" 103
"../../../Engine/Content/Functions/Engine_MaterialFunctions02/Utility/MakeFloat2.uasset" 104
"../../../Engine/Content/Functions/Engine_MaterialFunctions02/Utility/MakeFloat2.uexp" 105
"../../../Engine/Content/Functions/Engine_MaterialFunctions02/Utility/MakeFloat3.uasset" 106
"../../../Engine/Content/Functions/Engine_MaterialFunctions02/Utility/MakeFloat3.uexp" 107
"../../../Engine/Content/EngineMaterials/HairDebugColor.uasset" 108
"../../../Engine/Content/EngineMaterials/HairDebugColor.uexp" 109
"../../../Engine/Content/EngineMaterials/HairColorMap.uasset" 110
"../../../Engine/Content/EngineMaterials/HairColorMap.uexp" 111
"../../../Engine/Plugins/Runtime/HairStrands/Content/Materials/HairGroupColors.uasset" 112
"../../../Engine/Plugins/Runtime/HairStrands/Content/Materials/HairGroupColors.uexp" 113
"../../../Engine/Plugins/Runtime/HairStrands/Content/Materials/HairDebugMaterial.uasset" 114
"../../../Engine/Plugins/Runtime/HairStrands/Content/Materials/HairDebugMaterial.uexp" 115
"../../../Engine/Plugins/Runtime/HairStrands/Content/Materials/HairCardsDefaultMaterial.uasset" 116
"../../../Engine/Plugins/Runtime/HairStrands/Content/Materials/HairCardsDefaultMaterial.uexp" 117
"../../../Engine/Plugins/Runtime/AudioWidgets/Content/Resources/ScrubHandleDown_Clamped.uasset" 118
"../../../Engine/Plugins/Runtime/AudioWidgets/Content/Resources/ScrubHandleDown_Clamped.uexp" 119
"../../../Engine/Plugins/Interchange/Assets/Content/Functions/MX_UsdPreviewSurface.uasset" 120
"../../../Engine/Plugins/Interchange/Assets/Content/Functions/MX_UsdPreviewSurface.uexp" 121
"../../../Engine/Plugins/Interchange/Assets/Content/Functions/MX_UniformEDF.uasset" 122
"../../../Engine/Plugins/Interchange/Assets/Content/Functions/MX_UniformEDF.uexp" 123
"../../../Engine/Plugins/Interchange/Assets/Content/Functions/MX_TranslucentBSDF.uasset" 124
"../../../Engine/Plugins/Interchange/Assets/Content/Functions/MX_TranslucentBSDF.uexp" 125
"../../../Engine/Plugins/Interchange/Assets/Content/Functions/MX_ThinFilmBSDF.uasset" 126
"../../../Engine/Plugins/Interchange/Assets/Content/Functions/MX_ThinFilmBSDF.uexp" 127
"../../../Engine/Plugins/Interchange/Assets/Content/Functions/MX_SurfaceUnlit.uasset" 128
"../../../Engine/Plugins/Interchange/Assets/Content/Functions/MX_SurfaceUnlit.uexp" 129
"../../../Engine/Plugins/Interchange/Assets/Content/Functions/MX_Surface.uasset" 130
"../../../Engine/Plugins/Interchange/Assets/Content/Functions/MX_Surface.uexp" 131
"../../../Engine/Plugins/Interchange/Assets/Content/Functions/MX_SubsurfaceBSDF.uasset" 132
"../../../Engine/Plugins/Interchange/Assets/Content/Functions/MX_SubsurfaceBSDF.uexp" 133
"../../../Engine/Plugins/Interchange/Assets/Content/Functions/MX_SheenBSDF.uasset" 134
"../../../Engine/Plugins/Interchange/Assets/Content/Functions/MX_SheenBSDF.uexp" 135
"../../../Engine/Plugins/Interchange/Assets/Content/Functions/MX_OrenNayarBSDF.uasset" 136
"../../../Engine/Plugins/Interchange/Assets/Content/Functions/MX_OrenNayarBSDF.uexp" 137
"../../../Engine/Plugins/Interchange/Assets/Content/Functions/MF_IridescenceNoLUT.uasset" 138
"../../../Engine/Plugins/Interchange/Assets/Content/Functions/MF_IridescenceNoLUT.uexp" 139
"../../../Engine/Plugins/Interchange/Assets/Content/Functions/MX_StandardSurface.uasset" 140
"../../../Engine/Plugins/Interchange/Assets/Content/Functions/MX_StandardSurface.uexp" 141
"../../../Engine/Plugins/Interchange/Assets/Content/Functions/MX_TransmissionSurface.uasset" 142
"../../../Engine/Plugins/Interchange/Assets/Content/Functions/MX_TransmissionSurface.uexp" 143
"../../../Engine/Plugins/Interchange/Assets/Content/Functions/MX_OpenPBR_Translucent.uasset" 144
"../../../Engine/Plugins/Interchange/Assets/Content/Functions/MX_OpenPBR_Translucent.uexp" 145
"../../../Engine/Plugins/Interchange/Assets/Content/Functions/MX_OpenPBR_Opaque.uasset" 146
"../../../Engine/Plugins/Interchange/Assets/Content/Functions/MX_OpenPBR_Opaque.uexp" 147
"../../../Engine/Plugins/Interchange/Assets/Content/Functions/MX_MeasuredEDF.uasset" 148
"../../../Engine/Plugins/Interchange/Assets/Content/Functions/MX_MeasuredEDF.uexp" 149
"../../../Engine/Plugins/Interchange/Assets/Content/Functions/MX_GeneralizedSchlickBSDF.uasset" 150
"../../../Engine/Plugins/Interchange/Assets/Content/Functions/MX_GeneralizedSchlickBSDF.uexp" 151
"../../../Engine/Content/Functions/Engine_MaterialFunctions02/Utility/BlendAngleCorrectedNormals.uasset" 152
"../../../Engine/Content/Functions/Engine_MaterialFunctions02/Utility/BlendAngleCorrectedNormals.uexp" 153
"../../../Engine/Plugins/Interchange/Assets/Content/Functions/MX_Displacement.uasset" 154
"../../../Engine/Plugins/Interchange/Assets/Content/Functions/MX_Displacement.uexp" 155
"../../../Engine/Plugins/Interchange/Assets/Content/Functions/MX_DielectricBSDF.uasset" 156
"../../../Engine/Plugins/Interchange/Assets/Content/Functions/MX_DielectricBSDF.uexp" 157
"../../../Engine/Plugins/Interchange/Assets/Content/Functions/MX_ConicalEDF.uasset" 158
"../../../Engine/Plugins/Interchange/Assets/Content/Functions/MX_ConicalEDF.uexp" 159
"../../../Engine/Plugins/Interchange/Assets/Content/Functions/MX_ConductorBSDF.uasset" 160
"../../../Engine/Plugins/Interchange/Assets/Content/Functions/MX_ConductorBSDF.uexp" 161
"../../../Engine/Plugins/Interchange/Assets/Content/Functions/MX_BurleyDiffuseBSDF.uasset" 162
"../../../Engine/Plugins/Interchange/Assets/Content/Functions/MX_BurleyDiffuseBSDF.uexp" 163
"../../../Engine/Plugins/Interchange/Assets/Content/Functions/MX_AnisotropicVDF.uasset" 164
"../../../Engine/Plugins/Interchange/Assets/Content/Functions/MX_AnisotropicVDF.uexp" 165
"../../../Engine/Plugins/Interchange/Assets/Content/Functions/MX_AbsorptionVDF.uasset" 166
"../../../Engine/Plugins/Interchange/Assets/Content/Functions/MX_AbsorptionVDF.uexp" 167
"../../../Engine/Content/Functions/Engine_MaterialFunctions02/Utility/BreakOutFloat3Components.uasset" 168
"../../../Engine/Content/Functions/Engine_MaterialFunctions02/Utility/BreakOutFloat3Components.uexp" 169
"../../../Engine/Content/Functions/Engine_MaterialFunctions02/Utility/VectorLength.uasset" 170
"../../../Engine/Content/Functions/Engine_MaterialFunctions02/Utility/VectorLength.uexp" 171
"../../../Engine/Content/Functions/Engine_MaterialFunctions02/WorldPositionOffset/ObjectScale.uasset" 172
"../../../Engine/Content/Functions/Engine_MaterialFunctions02/WorldPositionOffset/ObjectScale.uexp" 173
"../../../Engine/Content/Functions/Engine_MaterialFunctions02/SafeNormalize.uasset" 174
"../../../Engine/Content/Functions/Engine_MaterialFunctions02/SafeNormalize.uexp" 175
"../../../Engine/Plugins/Editor/SpeedTreeImporter/Content/SpeedTree9/UnpackInteger3.uasset" 176
"../../../Engine/Plugins/Editor/SpeedTreeImporter/Content/SpeedTree9/UnpackInteger3.uexp" 177
"../../../Engine/Plugins/Editor/SpeedTreeImporter/Content/SpeedTree9/UnpackDirection.uasset" 178
"../../../Engine/Plugins/Editor/SpeedTreeImporter/Content/SpeedTree9/UnpackDirection.uexp" 179
"../../../Engine/Plugins/Editor/SpeedTreeImporter/Content/SpeedTree9/game_wind_noise.ubulk" 180
"../../../Engine/Plugins/Editor/SpeedTreeImporter/Content/SpeedTree9/game_wind_noise.uasset" 181
"../../../Engine/Plugins/Editor/SpeedTreeImporter/Content/SpeedTree9/game_wind_noise.uexp" 182
"../../../Engine/Plugins/Editor/SpeedTreeImporter/Content/SpeedTree9/SpeedTreeWindMotion.uasset" 183
"../../../Engine/Plugins/Editor/SpeedTreeImporter/Content/SpeedTree9/SpeedTreeWindMotion.uexp" 184
"../../../Engine/Plugins/Editor/SpeedTreeImporter/Content/SpeedTree9/SpeedTreeBranchMotion.uasset" 185
"../../../Engine/Plugins/Editor/SpeedTreeImporter/Content/SpeedTree9/SpeedTreeBranchMotion.uexp" 186
"../../../Engine/Content/Functions/Engine_MaterialFunctions02/ObjectLocalBounds.uasset" 187
"../../../Engine/Content/Functions/Engine_MaterialFunctions02/ObjectLocalBounds.uexp" 188
"../../../Engine/Content/Functions/Engine_MaterialFunctions02/UVs/BoundingBoxBased_0-1_UVW.uasset" 189
"../../../Engine/Content/Functions/Engine_MaterialFunctions02/UVs/BoundingBoxBased_0-1_UVW.uexp" 190
"../../../Engine/Plugins/Editor/SpeedTreeImporter/Content/SpeedTree9/SpeedTreeWind.uasset" 191
"../../../Engine/Plugins/Editor/SpeedTreeImporter/Content/SpeedTree9/SpeedTreeWind.uexp" 192
"../../../Engine/Plugins/Editor/SpeedTreeImporter/Content/SpeedTree9/SpeedTreeCameraFacing.uasset" 193
"../../../Engine/Plugins/Editor/SpeedTreeImporter/Content/SpeedTree9/SpeedTreeCameraFacing.uexp" 194
"../../../Engine/Plugins/Editor/SpeedTreeImporter/Content/SpeedTree9/EmptyNormal.uasset" 195
"../../../Engine/Plugins/Editor/SpeedTreeImporter/Content/SpeedTree9/EmptyNormal.uexp" 196
"../../../Engine/Plugins/Editor/SpeedTreeImporter/Content/SpeedTree9/Empty.uasset" 197
"../../../Engine/Plugins/Editor/SpeedTreeImporter/Content/SpeedTree9/Empty.uexp" 198
"../../../Engine/Plugins/Editor/SpeedTreeImporter/Content/SpeedTree9/SpeedTreeMaster.uasset" 199
"../../../Engine/Plugins/Editor/SpeedTreeImporter/Content/SpeedTree9/SpeedTreeMaster.uexp" 200
"../../../Engine/Plugins/Editor/SpeedTreeImporter/Content/SpeedTree9/SpeedTreeBillboard.uasset" 201
"../../../Engine/Plugins/Editor/SpeedTreeImporter/Content/SpeedTree9/SpeedTreeBillboard.uexp" 202
"../../../Engine/Plugins/Editor/SpeedTreeImporter/Content/SpeedTree9/SpeedTreeBillboardMaster.uasset" 203
"../../../Engine/Plugins/Editor/SpeedTreeImporter/Content/SpeedTree9/SpeedTreeBillboardMaster.uexp" 204
"../../../Engine/Plugins/Animation/ControlRig/Content/Controls/ControlRigXRayMaterial.uasset" 205
"../../../Engine/Plugins/Animation/ControlRig/Content/Controls/ControlRigXRayMaterial.uexp" 206
"../../../Engine/Plugins/Animation/ControlRig/Content/Controls/ControlRigGizmoMaterial.uasset" 207
"../../../Engine/Plugins/Animation/ControlRig/Content/Controls/ControlRigGizmoMaterial.uexp" 208
"../../../Engine/Content/EditorMaterials/Dataflow/DataflowVertexMaterial.uasset" 209
"../../../Engine/Content/EditorMaterials/Dataflow/DataflowVertexMaterial.uexp" 210
"../../../Engine/Content/EditorMaterials/Dataflow/DataflowTwoSidedVertexMaterial.uasset" 211
"../../../Engine/Content/EditorMaterials/Dataflow/DataflowTwoSidedVertexMaterial.uexp" 212
"../../../Engine/Content/EngineResources/FilmGrains/Marcie_Grain_v3_128_M2_000.uasset" 213
"../../../Engine/Content/EngineResources/FilmGrains/Marcie_Grain_v3_128_M2_000.uexp" 214
"../../../Engine/Content/EngineResources/Development/ZenLogo_64.uasset" 215
"../../../Engine/Content/EngineResources/Development/ZenLogo_64.uexp" 216
"../../../Engine/Content/EngineMaterials/LTC/Sheen_LTC.uasset" 217
"../../../Engine/Content/EngineMaterials/LTC/Sheen_LTC.uexp" 218
"../../../Engine/Content/EngineMaterials/LTC/GGX_LTCMat.uasset" 219
"../../../Engine/Content/EngineMaterials/LTC/GGX_LTCMat.uexp" 220
"../../../Engine/Content/EngineMaterials/LTC/GGX_LTCAmp.uasset" 221
"../../../Engine/Content/EngineMaterials/LTC/GGX_LTCAmp.uexp" 222
"../../../Engine/Content/EngineMaterials/EnergyConservation/Sheen_Energy.uasset" 223
"../../../Engine/Content/EngineMaterials/EnergyConservation/Sheen_Energy.uexp" 224
"../../../Engine/Content/EngineMaterials/EnergyConservation/SheenLegacy_Energy.uasset" 225
"../../../Engine/Content/EngineMaterials/EnergyConservation/SheenLegacy_Energy.uexp" 226
"../../../Engine/Content/EngineMaterials/EnergyConservation/GGX_TransmissionEnergyArray.uasset" 227
"../../../Engine/Content/EngineMaterials/EnergyConservation/GGX_TransmissionEnergyArray.uexp" 228
"../../../Engine/Content/EngineMaterials/EnergyConservation/GGX_ReflectionEnergy.uasset" 229
"../../../Engine/Content/EngineMaterials/EnergyConservation/GGX_ReflectionEnergy.uexp" 230
"../../../Engine/Content/EngineMaterials/EnergyConservation/Diffuse_Energy.uasset" 231
"../../../Engine/Content/EngineMaterials/EnergyConservation/Diffuse_Energy.uexp" 232
"../../../Engine/Content/EditorResources/SequenceRecorder/RecordingIndicator.uasset" 233
"../../../Engine/Content/EditorResources/SequenceRecorder/RecordingIndicator.uexp" 234
"../../../Engine/Content/EditorResources/SequenceRecorder/Countdown.uasset" 235
"../../../Engine/Content/EditorResources/SequenceRecorder/Countdown.uexp" 236
"../../../Engine/Content/EditorMaterials/ParticleSystems/PSysThumbnail_OOD.ubulk" 237
"../../../Engine/Content/EditorMaterials/ParticleSystems/PSysThumbnail_OOD.uasset" 238
"../../../Engine/Content/EditorMaterials/ParticleSystems/PSysThumbnail_OOD.uexp" 239
"../../../Engine/Content/EditorMaterials/ParticleSystems/PSysThumbnail_NoImage.ubulk" 240
"../../../Engine/Content/EditorMaterials/ParticleSystems/PSysThumbnail_NoImage.uasset" 241
"../../../Engine/Content/EditorMaterials/ParticleSystems/PSysThumbnail_NoImage.uexp" 242
"../../../Engine/Content/Functions/Engine_MaterialFunctions01/Shading/PowerToRoughness.uasset" 243
"../../../Engine/Content/Functions/Engine_MaterialFunctions01/Shading/PowerToRoughness.uexp" 244
"../../../Engine/Content/Functions/Engine_MaterialFunctions01/Shading/ConvertFromDiffSpec.uasset" 245
"../../../Engine/Content/Functions/Engine_MaterialFunctions01/Shading/ConvertFromDiffSpec.uexp" 246
"../../../Engine/Content/Functions/Engine_MaterialFunctions02/Utility/BreakOutFloat2Components.uasset" 247
"../../../Engine/Content/Functions/Engine_MaterialFunctions02/Utility/BreakOutFloat2Components.uexp" 248
"../../../Engine/Content/Functions/Engine_MaterialFunctions01/Texturing/ScaleUVsByCenter.uasset" 249
"../../../Engine/Content/Functions/Engine_MaterialFunctions01/Texturing/ScaleUVsByCenter.uexp" 250
"../../../Engine/Content/Functions/Engine_MaterialFunctions02/WorldPositionOffset/LocalPosition.uasset" 251
"../../../Engine/Content/Functions/Engine_MaterialFunctions02/WorldPositionOffset/LocalPosition.uexp" 252
"../../../Engine/Content/EngineMaterials/DefaultDiffuse.ubulk" 253
"../../../Engine/Content/EngineMaterials/DefaultDiffuse.uasset" 254
"../../../Engine/Content/EngineMaterials/DefaultDiffuse.uexp" 255
"../../../Engine/Content/Functions/Engine_MaterialFunctions01/Texturing/TextureCropping.uasset" 256
"../../../Engine/Content/Functions/Engine_MaterialFunctions01/Texturing/TextureCropping.uexp" 257
"../../../Engine/Content/Functions/Engine_MaterialFunctions02/ExampleContent/DebugNumberStrip.uasset" 258
"../../../Engine/Content/Functions/Engine_MaterialFunctions02/ExampleContent/DebugNumberStrip.uexp" 259
"../../../Engine/Content/Functions/Engine_MaterialFunctions01/Debug/DebugIntValues.uasset" 260
"../../../Engine/Content/Functions/Engine_MaterialFunctions01/Debug/DebugIntValues.uexp" 261
"../../../Engine/Content/EditorLandscapeResources/LandscapeLayerUsageMaterial.uasset" 262
"../../../Engine/Content/EditorLandscapeResources/LandscapeLayerUsageMaterial.uexp" 263
"../../../Engine/Content/EditorLandscapeResources/WhiteSquareTexture.uasset" 264
"../../../Engine/Content/EditorLandscapeResources/WhiteSquareTexture.uexp" 265
"../../../Engine/Content/EditorLandscapeResources/LayerVisMaterial.uasset" 266
"../../../Engine/Content/EditorLandscapeResources/LayerVisMaterial.uexp" 267
"../../../Engine/Content/EditorMaterials/PhAT_NoCollisionMaterial.uasset" 268
"../../../Engine/Content/EditorMaterials/PhAT_NoCollisionMaterial.uexp" 269
"../../../Engine/Content/EditorMaterials/PhAT_UnselectedMaterial.uasset" 270
"../../../Engine/Content/EditorMaterials/PhAT_UnselectedMaterial.uexp" 271
"../../../Engine/Content/EditorMaterials/PreviewShadowIndicator.ubulk" 272
"../../../Engine/Content/EditorMaterials/PreviewShadowIndicator.uasset" 273
"../../../Engine/Content/EditorMaterials/PreviewShadowIndicator.uexp" 274
"../../../Engine/Content/EditorMaterials/PreviewShadowIndicatorMaterial.uasset" 275
"../../../Engine/Content/EditorMaterials/PreviewShadowIndicatorMaterial.uexp" 276
"../../../Engine/Content/EngineDebugMaterials/DebugEditorMaterial.uasset" 277
"../../../Engine/Content/EngineDebugMaterials/DebugEditorMaterial.uexp" 278
"../../../Engine/Content/EngineDebugMaterials/DebugMeshMaterial.uasset" 279
"../../../Engine/Content/EngineDebugMaterials/DebugMeshMaterial.uexp" 280
"../../../Engine/Content/EngineDebugMaterials/M_SimpleUnlitTranslucent.uasset" 281
"../../../Engine/Content/EngineDebugMaterials/M_SimpleUnlitTranslucent.uexp" 282
"../../../Engine/Content/Functions/Engine_MaterialFunctions02/Utility/CameraDirectionVector.uasset" 283
"../../../Engine/Content/Functions/Engine_MaterialFunctions02/Utility/CameraDirectionVector.uexp" 284
"../../../Engine/Content/EngineDebugMaterials/VolumeToRender.uasset" 285
"../../../Engine/Content/EngineDebugMaterials/VolumeToRender.uexp" 286
"../../../Engine/Content/EngineDebugMaterials/M_VolumeRenderSphereTracePP.uasset" 287
"../../../Engine/Content/EngineDebugMaterials/M_VolumeRenderSphereTracePP.uexp" 288
"../../../Engine/Content/EngineMaterials/DefaultDeferredDecalMaterial.uasset" 289
"../../../Engine/Content/EngineMaterials/DefaultDeferredDecalMaterial.uexp" 290
"../../../Engine/Content/EngineMaterials/DefaultLightFunctionMaterial.uasset" 291
"../../../Engine/Content/EngineMaterials/DefaultLightFunctionMaterial.uexp" 292
"../../../Engine/Content/EngineMaterials/DefaultPostProcessMaterial.uasset" 293
"../../../Engine/Content/EngineMaterials/DefaultPostProcessMaterial.uexp" 294
"../../../Engine/Content/EngineFonts/RobotoDistanceField.uasset" 295
"../../../Engine/Content/EngineFonts/RobotoDistanceField.uexp" 296
"../../../Engine/Content/EngineMaterials/DefaultTextMaterialOpaque.uasset" 297
"../../../Engine/Content/EngineMaterials/DefaultTextMaterialOpaque.uexp" 298
"../../../Engine/Content/EngineMaterials/DefaultWhiteGrid_Low.uasset" 299
"../../../Engine/Content/EngineMaterials/DefaultWhiteGrid_Low.uexp" 300
"../../../Engine/Content/EngineMaterials/EmissiveMeshMaterial.uasset" 301
"../../../Engine/Content/EngineMaterials/EmissiveMeshMaterial.uexp" 302
"../../../Engine/Content/EngineMaterials/BaseFlattenNormalMap.uasset" 303
"../../../Engine/Content/EngineMaterials/BaseFlattenNormalMap.uexp" 304
"../../../Engine/Content/EngineMaterials/BaseFlattenDiffuseMap.uasset" 305
"../../../Engine/Content/EngineMaterials/BaseFlattenDiffuseMap.uexp" 306
"../../../Engine/Content/EngineMaterials/BaseFlattenEmissiveMap.uasset" 307
"../../../Engine/Content/EngineMaterials/BaseFlattenEmissiveMap.uexp" 308
"../../../Engine/Content/EngineMaterials/BaseFlattenGrayscaleMap.uasset" 309
"../../../Engine/Content/EngineMaterials/BaseFlattenGrayscaleMap.uexp" 310
"../../../Engine/Content/EngineMaterials/BaseFlattenLinearColor.uasset" 311
"../../../Engine/Content/EngineMaterials/BaseFlattenLinearColor.uexp" 312
"../../../Engine/Content/Functions/Engine_MaterialFunctions02/PivotPainter2/Black_1x1_EXR_Texture.uasset" 313
"../../../Engine/Content/Functions/Engine_MaterialFunctions02/PivotPainter2/Black_1x1_EXR_Texture.uexp" 314
"../../../Engine/Content/EngineMaterials/FlattenMaterial.uasset" 315
"../../../Engine/Content/EngineMaterials/FlattenMaterial.uexp" 316
"../../../Engine/Content/EngineMaterials/BaseFlattenDiffuseMap_VT.uasset" 317
"../../../Engine/Content/EngineMaterials/BaseFlattenDiffuseMap_VT.uexp" 318
"../../../Engine/Content/EngineMaterials/BaseFlattenEmissiveMap_VT.uasset" 319
"../../../Engine/Content/EngineMaterials/BaseFlattenEmissiveMap_VT.uexp" 320
"../../../Engine/Content/EngineMaterials/BaseFlattenGrayscaleMap_VT.uasset" 321
"../../../Engine/Content/EngineMaterials/BaseFlattenGrayscaleMap_VT.uexp" 322
"../../../Engine/Content/EngineMaterials/BaseFlattenLinearColor_VT.uasset" 323
"../../../Engine/Content/EngineMaterials/BaseFlattenLinearColor_VT.uexp" 324
"../../../Engine/Content/EngineMaterials/BaseFlattenNormalMap_VT.uasset" 325
"../../../Engine/Content/EngineMaterials/BaseFlattenNormalMap_VT.uexp" 326
"../../../Engine/Content/EngineMaterials/Black_1x1_EXR_Texture_VT.uasset" 327
"../../../Engine/Content/EngineMaterials/Black_1x1_EXR_Texture_VT.uexp" 328
"../../../Engine/Content/EngineMaterials/FlattenMaterial_VT.uasset" 329
"../../../Engine/Content/EngineMaterials/FlattenMaterial_VT.uexp" 330
"../../../Engine/Content/EngineMaterials/FlattenMaterial_WS_Normal_VT.uasset" 331
"../../../Engine/Content/EngineMaterials/FlattenMaterial_WS_Normal_VT.uexp" 332
"../../../Engine/Content/EngineMaterials/GizmoMaterial.uasset" 333
"../../../Engine/Content/EngineMaterials/GizmoMaterial.uexp" 334
"../../../Engine/Content/EngineMaterials/InvalidLightmapSettings.ubulk" 335
"../../../Engine/Content/EngineMaterials/InvalidLightmapSettings.uasset" 336
"../../../Engine/Content/EngineMaterials/InvalidLightmapSettings.uexp" 337
"../../../Engine/Content/EngineMaterials/M_InvalidLightmapSettings.uasset" 338
"../../../Engine/Content/EngineMaterials/M_InvalidLightmapSettings.uexp" 339
"../../../Engine/Content/EngineMaterials/NaniteHiddenSectionMaterial.uasset" 340
"../../../Engine/Content/EngineMaterials/NaniteHiddenSectionMaterial.uexp" 341
"../../../Engine/Content/Functions/Engine_MaterialFunctions02/WorldPositionOffset/CameraOffset.uasset" 342
"../../../Engine/Content/Functions/Engine_MaterialFunctions02/WorldPositionOffset/CameraOffset.uexp" 343
"../../../Engine/Content/EngineMaterials/PhAT_JointLimitMaterial.uasset" 344
"../../../Engine/Content/EngineMaterials/PhAT_JointLimitMaterial.uexp" 345
"../../../Engine/Content/EngineMaterials/DefaultCalibrationColor.uasset" 346
"../../../Engine/Content/EngineMaterials/DefaultCalibrationColor.uexp" 347
"../../../Engine/Content/EngineMaterials/PPM_DefaultCalibrationColor.uasset" 348
"../../../Engine/Content/EngineMaterials/PPM_DefaultCalibrationColor.uexp" 349
"../../../Engine/Content/EngineMaterials/DefaultCalibrationGrayscale.uasset" 350
"../../../Engine/Content/EngineMaterials/DefaultCalibrationGrayscale.uexp" 351
"../../../Engine/Content/EngineMaterials/PPM_DefaultCalibrationGrayscale.uasset" 352
"../../../Engine/Content/EngineMaterials/PPM_DefaultCalibrationGrayscale.uexp" 353
"../../../Engine/Content/EngineMaterials/RemoveSurfaceMaterial.uasset" 354
"../../../Engine/Content/EngineMaterials/RemoveSurfaceMaterial.uexp" 355
"../../../Engine/Content/BasicShapes/BasicShapeMaterial.uasset" 356
"../../../Engine/Content/BasicShapes/BasicShapeMaterial.uexp" 357
"../../../Engine/Plugins/Animation/ControlRig/Content/M_Manip.uasset" 358
"../../../Engine/Plugins/Animation/ControlRig/Content/M_Manip.uexp" 359
"../../../Engine/Content/Functions/Engine_MaterialFunctions01/Opacity/CameraDepthFade.uasset" 360
"../../../Engine/Content/Functions/Engine_MaterialFunctions01/Opacity/CameraDepthFade.uexp" 361
"../../../Engine/Content/EngineMaterials/T_Default_Material_Grid_M.ubulk" 362
"../../../Engine/Content/EngineMaterials/T_Default_Material_Grid_M.uasset" 363
"../../../Engine/Content/EngineMaterials/T_Default_Material_Grid_M.uexp" 364
"../../../Engine/Content/EngineMaterials/T_Default_Material_Grid_N.ubulk" 365
"../../../Engine/Content/EngineMaterials/T_Default_Material_Grid_N.uasset" 366
"../../../Engine/Content/EngineMaterials/T_Default_Material_Grid_N.uexp" 367
"../../../Engine/Content/EngineMaterials/WorldGridMaterial.uasset" 368
"../../../Engine/Content/EngineMaterials/WorldGridMaterial.uexp" 369
"../../../Engine/Plugins/Animation/ControlRig/Content/Controls/ControlRig_Box_3mm.ubulk" 370
"../../../Engine/Plugins/Animation/ControlRig/Content/Controls/ControlRig_Box_3mm.uasset" 371
"../../../Engine/Plugins/Animation/ControlRig/Content/Controls/ControlRig_Box_3mm.uexp" 372
"../../../Engine/Plugins/Animation/ControlRig/Content/Controls/ControlRig_Box_1mm.ubulk" 373
"../../../Engine/Plugins/Animation/ControlRig/Content/Controls/ControlRig_Box_1mm.uasset" 374
"../../../Engine/Plugins/Animation/ControlRig/Content/Controls/ControlRig_Box_1mm.uexp" 375
"../../../Engine/Plugins/Animation/ControlRig/Content/Controls/ControlRig_Arrow_solid.ubulk" 376
"../../../Engine/Plugins/Animation/ControlRig/Content/Controls/ControlRig_Arrow_solid.uasset" 377
"../../../Engine/Plugins/Animation/ControlRig/Content/Controls/ControlRig_Arrow_solid.uexp" 378
"../../../Engine/Plugins/Animation/ControlRig/Content/Controls/ControlRig_Arrow_3mm.ubulk" 379
"../../../Engine/Plugins/Animation/ControlRig/Content/Controls/ControlRig_Arrow_3mm.uasset" 380
"../../../Engine/Plugins/Animation/ControlRig/Content/Controls/ControlRig_Arrow_3mm.uexp" 381
"../../../Engine/Plugins/Animation/ControlRig/Content/Controls/ControlRig_Arrow_1mm.ubulk" 382
"../../../Engine/Plugins/Animation/ControlRig/Content/Controls/ControlRig_Arrow_1mm.uasset" 383
"../../../Engine/Plugins/Animation/ControlRig/Content/Controls/ControlRig_Arrow_1mm.uexp" 384
"../../../Engine/Plugins/Animation/ControlRig/Content/Controls/ControlRig_Arrow4_solid.ubulk" 385
"../../../Engine/Plugins/Animation/ControlRig/Content/Controls/ControlRig_Arrow4_solid.uasset" 386
"../../../Engine/Plugins/Animation/ControlRig/Content/Controls/ControlRig_Arrow4_solid.uexp" 387
"../../../Engine/Plugins/Animation/ControlRig/Content/Controls/ControlRig_Arrow4_3mm.ubulk" 388
"../../../Engine/Plugins/Animation/ControlRig/Content/Controls/ControlRig_Arrow4_3mm.uasset" 389
"../../../Engine/Plugins/Animation/ControlRig/Content/Controls/ControlRig_Arrow4_3mm.uexp" 390
"../../../Engine/Plugins/Animation/ControlRig/Content/Controls/ControlRig_Arrow4_1mm.ubulk" 391
"../../../Engine/Plugins/Animation/ControlRig/Content/Controls/ControlRig_Arrow4_1mm.uasset" 392
"../../../Engine/Plugins/Animation/ControlRig/Content/Controls/ControlRig_Arrow4_1mm.uexp" 393
"../../../Engine/Plugins/Animation/ControlRig/Content/Controls/ControlRig_Arrow2_solid.ubulk" 394
"../../../Engine/Plugins/Animation/ControlRig/Content/Controls/ControlRig_Arrow2_solid.uasset" 395
"../../../Engine/Plugins/Animation/ControlRig/Content/Controls/ControlRig_Arrow2_solid.uexp" 396
"../../../Engine/Plugins/Animation/ControlRig/Content/Controls/ControlRig_Arrow2_3mm.ubulk" 397
"../../../Engine/Plugins/Animation/ControlRig/Content/Controls/ControlRig_Arrow2_3mm.uasset" 398
"../../../Engine/Plugins/Animation/ControlRig/Content/Controls/ControlRig_Arrow2_3mm.uexp" 399
"../../../Engine/Plugins/Animation/ControlRig/Content/Controls/ControlRig_Arrow2_1mm.ubulk" 400
"../../../Engine/Plugins/Animation/ControlRig/Content/Controls/ControlRig_Arrow2_1mm.uasset" 401
"../../../Engine/Plugins/Animation/ControlRig/Content/Controls/ControlRig_Arrow2_1mm.uexp" 402
"../../../Engine/Content/EditorMaterials/Camera/CineMat.uasset" 403
"../../../Engine/Content/EditorMaterials/Camera/CineMat.uexp" 404
"../../../Engine/Content/EditorMaterials/Camera/MI_CineMat_Rig.uasset" 405
"../../../Engine/Content/EditorMaterials/Camera/MI_CineMat_Rig.uexp" 406
"../../../Engine/Content/EditorMeshes/Camera/SM_RailRig_Track.ubulk" 407
"../../../Engine/Content/EditorMeshes/Camera/SM_RailRig_Track.uasset" 408
"../../../Engine/Content/EditorMeshes/Camera/SM_RailRig_Track.uexp" 409
"../../../Engine/Content/EditorMeshes/Camera/SM_RailRig_Mount.ubulk" 410
"../../../Engine/Content/EditorMeshes/Camera/SM_RailRig_Mount.uasset" 411
"../../../Engine/Content/EditorMeshes/Camera/SM_RailRig_Mount.uexp" 412
"../../../Engine/Content/EditorMeshes/Camera/SM_CraneRig_Mount.ubulk" 413
"../../../Engine/Content/EditorMeshes/Camera/SM_CraneRig_Mount.uasset" 414
"../../../Engine/Content/EditorMeshes/Camera/SM_CraneRig_Mount.uexp" 415
"../../../Engine/Content/EditorMeshes/Camera/SM_CraneRig_Body.ubulk" 416
"../../../Engine/Content/EditorMeshes/Camera/SM_CraneRig_Body.uasset" 417
"../../../Engine/Content/EditorMeshes/Camera/SM_CraneRig_Body.uexp" 418
"../../../Engine/Content/EditorMeshes/Camera/SM_CraneRig_Base.ubulk" 419
"../../../Engine/Content/EditorMeshes/Camera/SM_CraneRig_Base.uasset" 420
"../../../Engine/Content/EditorMeshes/Camera/SM_CraneRig_Base.uexp" 421
"../../../Engine/Content/EditorMeshes/Camera/SM_CraneRig_Arm.ubulk" 422
"../../../Engine/Content/EditorMeshes/Camera/SM_CraneRig_Arm.uasset" 423
"../../../Engine/Content/EditorMeshes/Camera/SM_CraneRig_Arm.uexp" 424
"../../../Engine/Content/VREditor/TransformGizmo/Xray.uasset" 425
"../../../Engine/Content/VREditor/TransformGizmo/Xray.uexp" 426
"../../../Engine/Content/VREditor/TransformGizmo/Main.uasset" 427
"../../../Engine/Content/VREditor/TransformGizmo/Main.uexp" 428
"../../../Engine/Content/VREditor/TransformGizmo/SM_Sequencer_Node.ubulk" 429
"../../../Engine/Content/VREditor/TransformGizmo/SM_Sequencer_Node.uasset" 430
"../../../Engine/Content/VREditor/TransformGizmo/SM_Sequencer_Node.uexp" 431
"../../../Engine/Content/VREditor/TransformGizmo/TranslucentTransformGizmoMaterial.uasset" 432
"../../../Engine/Content/VREditor/TransformGizmo/TranslucentTransformGizmoMaterial.uexp" 433
"../../../Engine/Content/VREditor/LaserPointer/VR_LaserPower_01.ubulk" 434
"../../../Engine/Content/VREditor/LaserPointer/VR_LaserPower_01.uasset" 435
"../../../Engine/Content/VREditor/LaserPointer/VR_LaserPower_01.uexp" 436
"../../../Engine/Content/VREditor/TransformGizmo/TransformGizmoMaterial.uasset" 437
"../../../Engine/Content/VREditor/TransformGizmo/TransformGizmoMaterial.uexp" 438
"../../../Engine/Content/VREditor/TransformGizmo/BoundingBoxEdge.ubulk" 439
"../../../Engine/Content/VREditor/TransformGizmo/BoundingBoxEdge.uasset" 440
"../../../Engine/Content/VREditor/TransformGizmo/BoundingBoxEdge.uexp" 441
"../../../Engine/Content/VREditor/TransformGizmo/BoundingBoxCorner.ubulk" 442
"../../../Engine/Content/VREditor/TransformGizmo/BoundingBoxCorner.uasset" 443
"../../../Engine/Content/VREditor/TransformGizmo/BoundingBoxCorner.uexp" 444
"../../../Engine/Content/EngineResources/Black.uasset" 445
"../../../Engine/Content/EngineResources/Black.uexp" 446
"../../../Engine/Plugins/Runtime/OpenXR/Content/Devices/M_XRController.uasset" 447
"../../../Engine/Plugins/Runtime/OpenXR/Content/Devices/M_XRController.uexp" 448
"../../../Engine/Plugins/Runtime/OpenXR/Content/Devices/OculusGo/BaseTexture.ubulk" 449
"../../../Engine/Plugins/Runtime/OpenXR/Content/Devices/OculusGo/BaseTexture.uasset" 450
"../../../Engine/Plugins/Runtime/OpenXR/Content/Devices/OculusGo/BaseTexture.uexp" 451
"../../../Engine/Plugins/Runtime/OpenXR/Content/Devices/OculusGo/MI_OculusGo.uasset" 452
"../../../Engine/Plugins/Runtime/OpenXR/Content/Devices/OculusGo/MI_OculusGo.uexp" 453
"../../../Engine/Plugins/Runtime/OpenXR/Content/Devices/OculusGo/OculusGoController.ubulk" 454
"../../../Engine/Plugins/Runtime/OpenXR/Content/Devices/OculusGo/OculusGoController.uasset" 455
"../../../Engine/Plugins/Runtime/OpenXR/Content/Devices/OculusGo/OculusGoController.uexp" 456
"../../../Engine/Plugins/Runtime/OpenXR/Content/Devices/HTCVive/BaseTexture.ubulk" 457
"../../../Engine/Plugins/Runtime/OpenXR/Content/Devices/HTCVive/BaseTexture.uasset" 458
"../../../Engine/Plugins/Runtime/OpenXR/Content/Devices/HTCVive/BaseTexture.uexp" 459
"../../../Engine/Plugins/Runtime/OpenXR/Content/Devices/HTCVive/MI_HTCVive.uasset" 460
"../../../Engine/Plugins/Runtime/OpenXR/Content/Devices/HTCVive/MI_HTCVive.uexp" 461
"../../../Engine/Plugins/Runtime/OpenXR/Content/Devices/HTCVive/HTCViveController.ubulk" 462
"../../../Engine/Plugins/Runtime/OpenXR/Content/Devices/HTCVive/HTCViveController.uasset" 463
"../../../Engine/Plugins/Runtime/OpenXR/Content/Devices/HTCVive/HTCViveController.uexp" 464
"../../../Engine/Content/ArtTools/RenderToTexture/Meshes/S_1_Unit_Plane.ubulk" 465
"../../../Engine/Content/ArtTools/RenderToTexture/Meshes/S_1_Unit_Plane.uasset" 466
"../../../Engine/Content/ArtTools/RenderToTexture/Meshes/S_1_Unit_Plane.uexp" 467
"../../../Engine/Plugins/Runtime/OpenXR/Content/Devices/ValveIndex/MRTexture.ubulk" 468
"../../../Engine/Plugins/Runtime/OpenXR/Content/Devices/ValveIndex/MRTexture.uasset" 469
"../../../Engine/Plugins/Runtime/OpenXR/Content/Devices/ValveIndex/MRTexture.uexp" 470
"../../../Engine/Plugins/Runtime/OpenXR/Content/Devices/ValveIndex/BaseTexture.ubulk" 471
"../../../Engine/Plugins/Runtime/OpenXR/Content/Devices/ValveIndex/BaseTexture.uasset" 472
"../../../Engine/Plugins/Runtime/OpenXR/Content/Devices/ValveIndex/BaseTexture.uexp" 473
"../../../Engine/Plugins/Runtime/OpenXR/Content/Devices/ValveIndex/Right/MI_right_ValveIndex.uasset" 474
"../../../Engine/Plugins/Runtime/OpenXR/Content/Devices/ValveIndex/Right/MI_right_ValveIndex.uexp" 475
"../../../Engine/Plugins/Runtime/OpenXR/Content/Devices/ValveIndex/Right/right_ValveIndexController.ubulk" 476
"../../../Engine/Plugins/Runtime/OpenXR/Content/Devices/ValveIndex/Right/right_ValveIndexController.uasset" 477
"../../../Engine/Plugins/Runtime/OpenXR/Content/Devices/ValveIndex/Right/right_ValveIndexController.uexp" 478
"../../../Engine/Plugins/Runtime/OpenXR/Content/Devices/ValveIndex/Left/MI_left_ValveIndex.uasset" 479
"../../../Engine/Plugins/Runtime/OpenXR/Content/Devices/ValveIndex/Left/MI_left_ValveIndex.uexp" 480
"../../../Engine/Plugins/Runtime/OpenXR/Content/Devices/ValveIndex/Left/left_ValveIndexController.ubulk" 481
"../../../Engine/Plugins/Runtime/OpenXR/Content/Devices/ValveIndex/Left/left_ValveIndexController.uasset" 482
"../../../Engine/Plugins/Runtime/OpenXR/Content/Devices/ValveIndex/Left/left_ValveIndexController.uexp" 483
"../../../Engine/Plugins/Runtime/OpenXR/Content/Devices/OculusTouch_v3/MRTexture.ubulk" 484
"../../../Engine/Plugins/Runtime/OpenXR/Content/Devices/OculusTouch_v3/MRTexture.uasset" 485
"../../../Engine/Plugins/Runtime/OpenXR/Content/Devices/OculusTouch_v3/MRTexture.uexp" 486
"../../../Engine/Plugins/Runtime/OpenXR/Content/Devices/OculusTouch_v3/BaseTexture.ubulk" 487
"../../../Engine/Plugins/Runtime/OpenXR/Content/Devices/OculusTouch_v3/BaseTexture.uasset" 488
"../../../Engine/Plugins/Runtime/OpenXR/Content/Devices/OculusTouch_v3/BaseTexture.uexp" 489
"../../../Engine/Plugins/Runtime/OpenXR/Content/Devices/OculusTouch_v3/MI_OculusTouch_v3.uasset" 490
"../../../Engine/Plugins/Runtime/OpenXR/Content/Devices/OculusTouch_v3/MI_OculusTouch_v3.uexp" 491
"../../../Engine/Plugins/Runtime/OpenXR/Content/Devices/OculusTouch_v3/Right/right_OculusTouch_v3Controller.ubulk" 492
"../../../Engine/Plugins/Runtime/OpenXR/Content/Devices/OculusTouch_v3/Right/right_OculusTouch_v3Controller.uasset" 493
"../../../Engine/Plugins/Runtime/OpenXR/Content/Devices/OculusTouch_v3/Right/right_OculusTouch_v3Controller.uexp" 494
"../../../Engine/Plugins/Runtime/OpenXR/Content/Devices/OculusTouch_v3/Left/left_OculusTouch_v3Controller.ubulk" 495
"../../../Engine/Plugins/Runtime/OpenXR/Content/Devices/OculusTouch_v3/Left/left_OculusTouch_v3Controller.uasset" 496
"../../../Engine/Plugins/Runtime/OpenXR/Content/Devices/OculusTouch_v3/Left/left_OculusTouch_v3Controller.uexp" 497
"../../../Engine/Plugins/Runtime/OpenXR/Content/Devices/OculusTouch_v2/MRTexture.ubulk" 498
"../../../Engine/Plugins/Runtime/OpenXR/Content/Devices/OculusTouch_v2/MRTexture.uasset" 499
"../../../Engine/Plugins/Runtime/OpenXR/Content/Devices/OculusTouch_v2/MRTexture.uexp" 500
"../../../Engine/Plugins/Runtime/OpenXR/Content/Devices/OculusTouch_v2/BaseTexture.ubulk" 501
"../../../Engine/Plugins/Runtime/OpenXR/Content/Devices/OculusTouch_v2/BaseTexture.uasset" 502
"../../../Engine/Plugins/Runtime/OpenXR/Content/Devices/OculusTouch_v2/BaseTexture.uexp" 503
"../../../Engine/Plugins/Runtime/OpenXR/Content/Devices/OculusTouch_v2/MI_OculusTouch_v2.uasset" 504
"../../../Engine/Plugins/Runtime/OpenXR/Content/Devices/OculusTouch_v2/MI_OculusTouch_v2.uexp" 505
"../../../Engine/Plugins/Runtime/OpenXR/Content/Devices/OculusTouch_v2/Right/right_OculusTouch_v2Controller.ubulk" 506
"../../../Engine/Plugins/Runtime/OpenXR/Content/Devices/OculusTouch_v2/Right/right_OculusTouch_v2Controller.uasset" 507
"../../../Engine/Plugins/Runtime/OpenXR/Content/Devices/OculusTouch_v2/Right/right_OculusTouch_v2Controller.uexp" 508
"../../../Engine/Plugins/Runtime/OpenXR/Content/Devices/OculusTouch_v2/Left/left_OculusTouch_v2Controller.ubulk" 509
"../../../Engine/Plugins/Runtime/OpenXR/Content/Devices/OculusTouch_v2/Left/left_OculusTouch_v2Controller.uasset" 510
"../../../Engine/Plugins/Runtime/OpenXR/Content/Devices/OculusTouch_v2/Left/left_OculusTouch_v2Controller.uexp" 511
"../../../Engine/Plugins/Runtime/OpenXR/Content/Devices/OculusTouch/MRTexture.ubulk" 512
"../../../Engine/Plugins/Runtime/OpenXR/Content/Devices/OculusTouch/MRTexture.uasset" 513
"../../../Engine/Plugins/Runtime/OpenXR/Content/Devices/OculusTouch/MRTexture.uexp" 514
"../../../Engine/Plugins/Runtime/OpenXR/Content/Devices/OculusTouch/BaseTexture.ubulk" 515
"../../../Engine/Plugins/Runtime/OpenXR/Content/Devices/OculusTouch/BaseTexture.uasset" 516
"../../../Engine/Plugins/Runtime/OpenXR/Content/Devices/OculusTouch/BaseTexture.uexp" 517
"../../../Engine/Plugins/Runtime/OpenXR/Content/Devices/OculusTouch/MI_OculusTouch.uasset" 518
"../../../Engine/Plugins/Runtime/OpenXR/Content/Devices/OculusTouch/MI_OculusTouch.uexp" 519
"../../../Engine/Plugins/Runtime/OpenXR/Content/Devices/OculusTouch/Right/right_OculusTouchController.ubulk" 520
"../../../Engine/Plugins/Runtime/OpenXR/Content/Devices/OculusTouch/Right/right_OculusTouchController.uasset" 521
"../../../Engine/Plugins/Runtime/OpenXR/Content/Devices/OculusTouch/Right/right_OculusTouchController.uexp" 522
"../../../Engine/Plugins/Runtime/OpenXR/Content/Devices/OculusTouch/Left/left_OculusTouchController.ubulk" 523
"../../../Engine/Plugins/Runtime/OpenXR/Content/Devices/OculusTouch/Left/left_OculusTouchController.uasset" 524
"../../../Engine/Plugins/Runtime/OpenXR/Content/Devices/OculusTouch/Left/left_OculusTouchController.uexp" 525
"../../../Engine/Plugins/Runtime/OpenXR/Content/Devices/MicrosoftMixedReality/NormalTexture.ubulk" 526
"../../../Engine/Plugins/Runtime/OpenXR/Content/Devices/MicrosoftMixedReality/NormalTexture.uasset" 527
"../../../Engine/Plugins/Runtime/OpenXR/Content/Devices/MicrosoftMixedReality/NormalTexture.uexp" 528
"../../../Engine/Plugins/Runtime/OpenXR/Content/Devices/MicrosoftMixedReality/MRTexture.ubulk" 529
"../../../Engine/Plugins/Runtime/OpenXR/Content/Devices/MicrosoftMixedReality/MRTexture.uasset" 530
"../../../Engine/Plugins/Runtime/OpenXR/Content/Devices/MicrosoftMixedReality/MRTexture.uexp" 531
"../../../Engine/Plugins/Runtime/OpenXR/Content/Devices/MicrosoftMixedReality/EmissiveTexture.ubulk" 532
"../../../Engine/Plugins/Runtime/OpenXR/Content/Devices/MicrosoftMixedReality/EmissiveTexture.uasset" 533
"../../../Engine/Plugins/Runtime/OpenXR/Content/Devices/MicrosoftMixedReality/EmissiveTexture.uexp" 534
"../../../Engine/Plugins/Runtime/OpenXR/Content/Devices/MicrosoftMixedReality/BaseTexture.ubulk" 535
"../../../Engine/Plugins/Runtime/OpenXR/Content/Devices/MicrosoftMixedReality/BaseTexture.uasset" 536
"../../../Engine/Plugins/Runtime/OpenXR/Content/Devices/MicrosoftMixedReality/BaseTexture.uexp" 537
"../../../Engine/Plugins/Runtime/OpenXR/Content/Devices/MicrosoftMixedReality/MI_MicrosoftMixedReality.uasset" 538
"../../../Engine/Plugins/Runtime/OpenXR/Content/Devices/MicrosoftMixedReality/MI_MicrosoftMixedReality.uexp" 539
"../../../Engine/Plugins/Runtime/OpenXR/Content/Devices/MicrosoftMixedReality/Right/right_MicrosoftMixedRealityController.ubulk" 540
"../../../Engine/Plugins/Runtime/OpenXR/Content/Devices/MicrosoftMixedReality/Right/right_MicrosoftMixedRealityController.uasset" 541
"../../../Engine/Plugins/Runtime/OpenXR/Content/Devices/MicrosoftMixedReality/Right/right_MicrosoftMixedRealityController.uexp" 542
"../../../Engine/Plugins/Runtime/OpenXR/Content/Devices/MicrosoftMixedReality/Left/left_MicrosoftMixedRealityController.ubulk" 543
"../../../Engine/Plugins/Runtime/OpenXR/Content/Devices/MicrosoftMixedReality/Left/left_MicrosoftMixedRealityController.uasset" 544
"../../../Engine/Plugins/Runtime/OpenXR/Content/Devices/MicrosoftMixedReality/Left/left_MicrosoftMixedRealityController.uexp" 545
"../../../Engine/Plugins/Animation/ControlRig/Content/Controls/ControlRig_Box_solid.ubulk" 546
"../../../Engine/Plugins/Animation/ControlRig/Content/Controls/ControlRig_Box_solid.uasset" 547
"../../../Engine/Plugins/Animation/ControlRig/Content/Controls/ControlRig_Box_solid.uexp" 548
"../../../Engine/Plugins/Animation/ControlRig/Content/Controls/ControlRig_Circle_1mm.ubulk" 549
"../../../Engine/Plugins/Animation/ControlRig/Content/Controls/ControlRig_Circle_1mm.uasset" 550
"../../../Engine/Plugins/Animation/ControlRig/Content/Controls/ControlRig_Circle_1mm.uexp" 551
"../../../Engine/Plugins/Animation/ControlRig/Content/Controls/ControlRig_Circle_3mm.ubulk" 552
"../../../Engine/Plugins/Animation/ControlRig/Content/Controls/ControlRig_Circle_3mm.uasset" 553
"../../../Engine/Plugins/Animation/ControlRig/Content/Controls/ControlRig_Circle_3mm.uexp" 554
"../../../Engine/Plugins/Animation/ControlRig/Content/Controls/ControlRig_Circle_solid.ubulk" 555
"../../../Engine/Plugins/Animation/ControlRig/Content/Controls/ControlRig_Circle_solid.uasset" 556
"../../../Engine/Plugins/Animation/ControlRig/Content/Controls/ControlRig_Circle_solid.uexp" 557
"../../../Engine/Plugins/Animation/ControlRig/Content/Controls/ControlRig_Diamond_1mm.ubulk" 558
"../../../Engine/Plugins/Animation/ControlRig/Content/Controls/ControlRig_Diamond_1mm.uasset" 559
"../../../Engine/Plugins/Animation/ControlRig/Content/Controls/ControlRig_Diamond_1mm.uexp" 560
"../../../Engine/Plugins/Animation/ControlRig/Content/Controls/ControlRig_Diamond_3mm.ubulk" 561
"../../../Engine/Plugins/Animation/ControlRig/Content/Controls/ControlRig_Diamond_3mm.uasset" 562
"../../../Engine/Plugins/Animation/ControlRig/Content/Controls/ControlRig_Diamond_3mm.uexp" 563
"../../../Engine/Plugins/Animation/ControlRig/Content/Controls/ControlRig_Diamond_solid.ubulk" 564
"../../../Engine/Plugins/Animation/ControlRig/Content/Controls/ControlRig_Diamond_solid.uasset" 565
"../../../Engine/Plugins/Animation/ControlRig/Content/Controls/ControlRig_Diamond_solid.uexp" 566
"../../../Engine/Plugins/Animation/ControlRig/Content/Controls/ControlRig_HalfCircle_1mm.ubulk" 567
"../../../Engine/Plugins/Animation/ControlRig/Content/Controls/ControlRig_HalfCircle_1mm.uasset" 568
"../../../Engine/Plugins/Animation/ControlRig/Content/Controls/ControlRig_HalfCircle_1mm.uexp" 569
"../../../Engine/Plugins/Animation/ControlRig/Content/Controls/ControlRig_HalfCircle_3mm.ubulk" 570
"../../../Engine/Plugins/Animation/ControlRig/Content/Controls/ControlRig_HalfCircle_3mm.uasset" 571
"../../../Engine/Plugins/Animation/ControlRig/Content/Controls/ControlRig_HalfCircle_3mm.uexp" 572
"../../../Engine/Plugins/Animation/ControlRig/Content/Controls/ControlRig_HalfCircle_solid.ubulk" 573
"../../../Engine/Plugins/Animation/ControlRig/Content/Controls/ControlRig_HalfCircle_solid.uasset" 574
"../../../Engine/Plugins/Animation/ControlRig/Content/Controls/ControlRig_HalfCircle_solid.uexp" 575
"../../../Engine/Plugins/Animation/ControlRig/Content/Controls/ControlRig_Hexagon_1mm.ubulk" 576
"../../../Engine/Plugins/Animation/ControlRig/Content/Controls/ControlRig_Hexagon_1mm.uasset" 577
"../../../Engine/Plugins/Animation/ControlRig/Content/Controls/ControlRig_Hexagon_1mm.uexp" 578
"../../../Engine/Plugins/Animation/ControlRig/Content/Controls/ControlRig_Hexagon_3mm.ubulk" 579
"../../../Engine/Plugins/Animation/ControlRig/Content/Controls/ControlRig_Hexagon_3mm.uasset" 580
"../../../Engine/Plugins/Animation/ControlRig/Content/Controls/ControlRig_Hexagon_3mm.uexp" 581
"../../../Engine/Plugins/Animation/ControlRig/Content/Controls/ControlRig_Hexagon_solid.ubulk" 582
"../../../Engine/Plugins/Animation/ControlRig/Content/Controls/ControlRig_Hexagon_solid.uasset" 583
"../../../Engine/Plugins/Animation/ControlRig/Content/Controls/ControlRig_Hexagon_solid.uexp" 584
"../../../Engine/Plugins/Animation/ControlRig/Content/Controls/ControlRig_Octagon_1mm.ubulk" 585
"../../../Engine/Plugins/Animation/ControlRig/Content/Controls/ControlRig_Octagon_1mm.uasset" 586
"../../../Engine/Plugins/Animation/ControlRig/Content/Controls/ControlRig_Octagon_1mm.uexp" 587
"../../../Engine/Plugins/Animation/ControlRig/Content/Controls/ControlRig_Octagon_3mm.ubulk" 588
"../../../Engine/Plugins/Animation/ControlRig/Content/Controls/ControlRig_Octagon_3mm.uasset" 589
"../../../Engine/Plugins/Animation/ControlRig/Content/Controls/ControlRig_Octagon_3mm.uexp" 590
"../../../Engine/Plugins/Animation/ControlRig/Content/Controls/ControlRig_Octagon_solid.ubulk" 591
"../../../Engine/Plugins/Animation/ControlRig/Content/Controls/ControlRig_Octagon_solid.uasset" 592
"../../../Engine/Plugins/Animation/ControlRig/Content/Controls/ControlRig_Octagon_solid.uexp" 593
"../../../Engine/Plugins/Animation/ControlRig/Content/Controls/ControlRig_Pyramid_1mm.ubulk" 594
"../../../Engine/Plugins/Animation/ControlRig/Content/Controls/ControlRig_Pyramid_1mm.uasset" 595
"../../../Engine/Plugins/Animation/ControlRig/Content/Controls/ControlRig_Pyramid_1mm.uexp" 596
"../../../Engine/Plugins/Animation/ControlRig/Content/Controls/ControlRig_Pyramid_3mm.ubulk" 597
"../../../Engine/Plugins/Animation/ControlRig/Content/Controls/ControlRig_Pyramid_3mm.uasset" 598
"../../../Engine/Plugins/Animation/ControlRig/Content/Controls/ControlRig_Pyramid_3mm.uexp" 599
"../../../Engine/Plugins/Animation/ControlRig/Content/Controls/ControlRig_Pyramid_solid.ubulk" 600
"../../../Engine/Plugins/Animation/ControlRig/Content/Controls/ControlRig_Pyramid_solid.uasset" 601
"../../../Engine/Plugins/Animation/ControlRig/Content/Controls/ControlRig_Pyramid_solid.uexp" 602
"../../../Engine/Plugins/Animation/ControlRig/Content/Controls/ControlRig_QuarterCircle_1mm.ubulk" 603
"../../../Engine/Plugins/Animation/ControlRig/Content/Controls/ControlRig_QuarterCircle_1mm.uasset" 604
"../../../Engine/Plugins/Animation/ControlRig/Content/Controls/ControlRig_QuarterCircle_1mm.uexp" 605
"../../../Engine/Plugins/Animation/ControlRig/Content/Controls/ControlRig_QuarterCircle_3mm.ubulk" 606
"../../../Engine/Plugins/Animation/ControlRig/Content/Controls/ControlRig_QuarterCircle_3mm.uasset" 607
"../../../Engine/Plugins/Animation/ControlRig/Content/Controls/ControlRig_QuarterCircle_3mm.uexp" 608
"../../../Engine/Plugins/Animation/ControlRig/Content/Controls/ControlRig_QuarterCircle_solid.ubulk" 609
"../../../Engine/Plugins/Animation/ControlRig/Content/Controls/ControlRig_QuarterCircle_solid.uasset" 610
"../../../Engine/Plugins/Animation/ControlRig/Content/Controls/ControlRig_QuarterCircle_solid.uexp" 611
"../../../Engine/Plugins/Animation/ControlRig/Content/Controls/ControlRig_RoundedSquare_1mm.ubulk" 612
"../../../Engine/Plugins/Animation/ControlRig/Content/Controls/ControlRig_RoundedSquare_1mm.uasset" 613
"../../../Engine/Plugins/Animation/ControlRig/Content/Controls/ControlRig_RoundedSquare_1mm.uexp" 614
"../../../Engine/Plugins/Animation/ControlRig/Content/Controls/ControlRig_RoundedSquare_3mm.ubulk" 615
"../../../Engine/Plugins/Animation/ControlRig/Content/Controls/ControlRig_RoundedSquare_3mm.uasset" 616
"../../../Engine/Plugins/Animation/ControlRig/Content/Controls/ControlRig_RoundedSquare_3mm.uexp" 617
"../../../Engine/Plugins/Animation/ControlRig/Content/Controls/ControlRig_RoundedSquare_solid.ubulk" 618
"../../../Engine/Plugins/Animation/ControlRig/Content/Controls/ControlRig_RoundedSquare_solid.uasset" 619
"../../../Engine/Plugins/Animation/ControlRig/Content/Controls/ControlRig_RoundedSquare_solid.uexp" 620
"../../../Engine/Plugins/Animation/ControlRig/Content/Controls/ControlRig_RoundedTriangle_1mm.ubulk" 621
"../../../Engine/Plugins/Animation/ControlRig/Content/Controls/ControlRig_RoundedTriangle_1mm.uasset" 622
"../../../Engine/Plugins/Animation/ControlRig/Content/Controls/ControlRig_RoundedTriangle_1mm.uexp" 623
"../../../Engine/Plugins/Animation/ControlRig/Content/Controls/ControlRig_RoundedTriangle_3mm.ubulk" 624
"../../../Engine/Plugins/Animation/ControlRig/Content/Controls/ControlRig_RoundedTriangle_3mm.uasset" 625
"../../../Engine/Plugins/Animation/ControlRig/Content/Controls/ControlRig_RoundedTriangle_3mm.uexp" 626
"../../../Engine/Plugins/Animation/ControlRig/Content/Controls/ControlRig_RoundedTriangle_solid.ubulk" 627
"../../../Engine/Plugins/Animation/ControlRig/Content/Controls/ControlRig_RoundedTriangle_solid.uasset" 628
"../../../Engine/Plugins/Animation/ControlRig/Content/Controls/ControlRig_RoundedTriangle_solid.uexp" 629
"../../../Engine/Plugins/Animation/ControlRig/Content/Controls/ControlRig_Sphere_1mm.ubulk" 630
"../../../Engine/Plugins/Animation/ControlRig/Content/Controls/ControlRig_Sphere_1mm.uasset" 631
"../../../Engine/Plugins/Animation/ControlRig/Content/Controls/ControlRig_Sphere_1mm.uexp" 632
"../../../Engine/Plugins/Animation/ControlRig/Content/Controls/ControlRig_Sphere_3mm.ubulk" 633
"../../../Engine/Plugins/Animation/ControlRig/Content/Controls/ControlRig_Sphere_3mm.uasset" 634
"../../../Engine/Plugins/Animation/ControlRig/Content/Controls/ControlRig_Sphere_3mm.uexp" 635
"../../../Engine/Plugins/Animation/ControlRig/Content/Controls/ControlRig_Sphere_solid.ubulk" 636
"../../../Engine/Plugins/Animation/ControlRig/Content/Controls/ControlRig_Sphere_solid.uasset" 637
"../../../Engine/Plugins/Animation/ControlRig/Content/Controls/ControlRig_Sphere_solid.uexp" 638
"../../../Engine/Plugins/Animation/ControlRig/Content/Controls/ControlRig_Square_1mm.ubulk" 639
"../../../Engine/Plugins/Animation/ControlRig/Content/Controls/ControlRig_Square_1mm.uasset" 640
"../../../Engine/Plugins/Animation/ControlRig/Content/Controls/ControlRig_Square_1mm.uexp" 641
"../../../Engine/Plugins/Animation/ControlRig/Content/Controls/ControlRig_Square_3mm.ubulk" 642
"../../../Engine/Plugins/Animation/ControlRig/Content/Controls/ControlRig_Square_3mm.uasset" 643
"../../../Engine/Plugins/Animation/ControlRig/Content/Controls/ControlRig_Square_3mm.uexp" 644
"../../../Engine/Plugins/Animation/ControlRig/Content/Controls/ControlRig_Square_solid.ubulk" 645
"../../../Engine/Plugins/Animation/ControlRig/Content/Controls/ControlRig_Square_solid.uasset" 646
"../../../Engine/Plugins/Animation/ControlRig/Content/Controls/ControlRig_Square_solid.uexp" 647
"../../../Engine/Plugins/Animation/ControlRig/Content/Controls/ControlRig_Star4_1mm.ubulk" 648
"../../../Engine/Plugins/Animation/ControlRig/Content/Controls/ControlRig_Star4_1mm.uasset" 649
"../../../Engine/Plugins/Animation/ControlRig/Content/Controls/ControlRig_Star4_1mm.uexp" 650
"../../../Engine/Plugins/Animation/ControlRig/Content/Controls/ControlRig_Star4_3mm.ubulk" 651
"../../../Engine/Plugins/Animation/ControlRig/Content/Controls/ControlRig_Star4_3mm.uasset" 652
"../../../Engine/Plugins/Animation/ControlRig/Content/Controls/ControlRig_Star4_3mm.uexp" 653
"../../../Engine/Plugins/Animation/ControlRig/Content/Controls/ControlRig_Star4_solid.ubulk" 654
"../../../Engine/Plugins/Animation/ControlRig/Content/Controls/ControlRig_Star4_solid.uasset" 655
"../../../Engine/Plugins/Animation/ControlRig/Content/Controls/ControlRig_Star4_solid.uexp" 656
"../../../Engine/Plugins/Animation/ControlRig/Content/Controls/ControlRig_Triangle_1mm.ubulk" 657
"../../../Engine/Plugins/Animation/ControlRig/Content/Controls/ControlRig_Triangle_1mm.uasset" 658
"../../../Engine/Plugins/Animation/ControlRig/Content/Controls/ControlRig_Triangle_1mm.uexp" 659
"../../../Engine/Plugins/Animation/ControlRig/Content/Controls/ControlRig_Triangle_3mm.ubulk" 660
"../../../Engine/Plugins/Animation/ControlRig/Content/Controls/ControlRig_Triangle_3mm.uasset" 661
"../../../Engine/Plugins/Animation/ControlRig/Content/Controls/ControlRig_Triangle_3mm.uexp" 662
"../../../Engine/Plugins/Animation/ControlRig/Content/Controls/ControlRig_Triangle_solid.ubulk" 663
"../../../Engine/Plugins/Animation/ControlRig/Content/Controls/ControlRig_Triangle_solid.uasset" 664
"../../../Engine/Plugins/Animation/ControlRig/Content/Controls/ControlRig_Triangle_solid.uexp" 665
"../../../Engine/Plugins/Animation/ControlRig/Content/Controls/ControlRig_Wedge_1mm.ubulk" 666
"../../../Engine/Plugins/Animation/ControlRig/Content/Controls/ControlRig_Wedge_1mm.uasset" 667
"../../../Engine/Plugins/Animation/ControlRig/Content/Controls/ControlRig_Wedge_1mm.uexp" 668
"../../../Engine/Plugins/Animation/ControlRig/Content/Controls/ControlRig_Wedge_3mm.ubulk" 669
"../../../Engine/Plugins/Animation/ControlRig/Content/Controls/ControlRig_Wedge_3mm.uasset" 670
"../../../Engine/Plugins/Animation/ControlRig/Content/Controls/ControlRig_Wedge_3mm.uexp" 671
"../../../Engine/Plugins/Animation/ControlRig/Content/Controls/ControlRig_Wedge_solid.ubulk" 672
"../../../Engine/Plugins/Animation/ControlRig/Content/Controls/ControlRig_Wedge_solid.uasset" 673
"../../../Engine/Plugins/Animation/ControlRig/Content/Controls/ControlRig_Wedge_solid.uexp" 674
"../../../Engine/Content/EditorLandscapeResources/SplineEditorMeshMat.uasset" 675
"../../../Engine/Content/EditorLandscapeResources/SplineEditorMeshMat.uexp" 676
"../../../Engine/Content/EditorLandscapeResources/SplineEditorMesh.ubulk" 677
"../../../Engine/Content/EditorLandscapeResources/SplineEditorMesh.uasset" 678
"../../../Engine/Content/EditorLandscapeResources/SplineEditorMesh.uexp" 679
"../../../Engine/Content/EngineMeshes/Sphere.ubulk" 680
"../../../Engine/Content/EngineMeshes/Sphere.uasset" 681
"../../../Engine/Content/EngineMeshes/Sphere.uexp" 682
"../../../Engine/Content/EngineMaterials/DefaultMaterial.uasset" 683
"../../../Engine/Content/EngineMaterials/DefaultMaterial.uexp" 684
"../../../Engine/Content/BasicShapes/Cone.ubulk" 685
"../../../Engine/Content/BasicShapes/Cone.uasset" 686
"../../../Engine/Content/BasicShapes/Cone.uexp" 687
"../../../Engine/Content/BasicShapes/Cube.ubulk" 688
"../../../Engine/Content/BasicShapes/Cube.uasset" 689
"../../../Engine/Content/BasicShapes/Cube.uexp" 690
"../../../Engine/Plugins/Media/MediaPlate/Content/SM_MediaPlateScreen.ubulk" 691
"../../../Engine/Plugins/Media/MediaPlate/Content/SM_MediaPlateScreen.uasset" 692
"../../../Engine/Plugins/Media/MediaPlate/Content/SM_MediaPlateScreen.uexp" 693
"../../../Engine/Content/EngineResources/DefaultTextureCube.uasset" 694
"../../../Engine/Content/EngineResources/DefaultTextureCube.uexp" 695
"../../../Engine/Content/EngineResources/DefaultVolumeTexture2D.uasset" 696
"../../../Engine/Content/EngineResources/DefaultVolumeTexture2D.uexp" 697
"../../../Engine/Content/EngineResources/DefaultVolumeTexture.uasset" 698
"../../../Engine/Content/EngineResources/DefaultVolumeTexture.uexp" 699
"../../../Engine/Plugins/2D/Paper2D/Content/DefaultSpriteMaterial.uasset" 700
"../../../Engine/Plugins/2D/Paper2D/Content/DefaultSpriteMaterial.uexp" 701
"../../../Engine/Plugins/2D/Paper2D/Content/OpaqueUnlitSpriteMaterial.uasset" 702
"../../../Engine/Plugins/2D/Paper2D/Content/OpaqueUnlitSpriteMaterial.uexp" 703
"../../../Engine/Plugins/2D/Paper2D/Content/MaskedUnlitSpriteMaterial.uasset" 704
"../../../Engine/Plugins/2D/Paper2D/Content/MaskedUnlitSpriteMaterial.uexp" 705
"../../../Engine/Content/EngineResources/WhiteSquareTexture.uasset" 706
"../../../Engine/Content/EngineResources/WhiteSquareTexture.uexp" 707
"../../../Engine/Content/EngineMaterials/Widget3DPassThrough.uasset" 708
"../../../Engine/Content/EngineMaterials/Widget3DPassThrough.uexp" 709
"../../../Engine/Content/EngineMaterials/Widget3DPassThrough_Translucent.uasset" 710
"../../../Engine/Content/EngineMaterials/Widget3DPassThrough_Translucent.uexp" 711
"../../../Engine/Content/EngineMaterials/Widget3DPassThrough_Translucent_OneSided.uasset" 712
"../../../Engine/Content/EngineMaterials/Widget3DPassThrough_Translucent_OneSided.uexp" 713
"../../../Engine/Content/EngineMaterials/Widget3DPassThrough_Opaque.uasset" 714
"../../../Engine/Content/EngineMaterials/Widget3DPassThrough_Opaque.uexp" 715
"../../../Engine/Content/EngineMaterials/Widget3DPassThrough_Opaque_OneSided.uasset" 716
"../../../Engine/Content/EngineMaterials/Widget3DPassThrough_Opaque_OneSided.uexp" 717
"../../../Engine/Content/EngineMaterials/Widget3DPassThrough_Masked_OneSided.uasset" 718
"../../../Engine/Content/EngineMaterials/Widget3DPassThrough_Masked_OneSided.uexp" 719
"../../../Engine/Content/EngineMaterials/Widget3DPassThrough_Masked.uasset" 720
"../../../Engine/Content/EngineMaterials/Widget3DPassThrough_Masked.uexp" 721
"../../../Engine/Content/EngineMaterials/WeightMapPlaceholderTexture.uasset" 722
"../../../Engine/Content/EngineMaterials/WeightMapPlaceholderTexture.uexp" 723
"../../../Engine/Content/EngineMaterials/WeightMapArrayPlaceholderTexture.uasset" 724
"../../../Engine/Content/EngineMaterials/WeightMapArrayPlaceholderTexture.uexp" 725
"../../../Engine/Content/Functions/Engine_MaterialFunctions03/Math/WithinRangeFloat2.uasset" 726
"../../../Engine/Content/Functions/Engine_MaterialFunctions03/Math/WithinRangeFloat2.uexp" 727
"../../../Engine/Content/EditorLandscapeResources/SelectBrushMaterial.uasset" 728
"../../../Engine/Content/EditorLandscapeResources/SelectBrushMaterial.uexp" 729
"../../../Engine/Content/EditorLandscapeResources/SelectBrushMaterial_SelectedRegion.uasset" 730
"../../../Engine/Content/EditorLandscapeResources/SelectBrushMaterial_SelectedRegion.uexp" 731
"../../../Engine/Content/EditorLandscapeResources/SelectBrushMaterial_Selected.uasset" 732
"../../../Engine/Content/EditorLandscapeResources/SelectBrushMaterial_Selected.uexp" 733
"../../../Engine/Content/EditorLandscapeResources/MaskBrushMaterial.uasset" 734
"../../../Engine/Content/EditorLandscapeResources/MaskBrushMaterial.uexp" 735
"../../../Engine/Content/EditorLandscapeResources/MaskBrushMaterial_MaskedRegion.uasset" 736
"../../../Engine/Content/EditorLandscapeResources/MaskBrushMaterial_MaskedRegion.uexp" 737
"../../../Engine/Content/EditorLandscapeResources/ColorMaskBrushMaterial.uasset" 738
"../../../Engine/Content/EditorLandscapeResources/ColorMaskBrushMaterial.uexp" 739
"../../../Engine/Content/EditorLandscapeResources/ColorMaskBrushMaterial_MaskedRegion.uasset" 740
"../../../Engine/Content/EditorLandscapeResources/ColorMaskBrushMaterial_MaskedRegion.uexp" 741
"../../../Engine/Plugins/Interchange/Assets/Content/gltf/Textures/T_White_srgb.uasset" 742
"../../../Engine/Plugins/Interchange/Assets/Content/gltf/Textures/T_White_srgb.uexp" 743
"../../../Engine/Plugins/Interchange/Assets/Content/gltf/MaterialFunctions/MF_BaseColor.uasset" 744
"../../../Engine/Plugins/Interchange/Assets/Content/gltf/MaterialFunctions/MF_BaseColor.uexp" 745
"../../../Engine/Plugins/Interchange/Assets/Content/gltf/MaterialFunctions/MF_RotateV2.uasset" 746
"../../../Engine/Plugins/Interchange/Assets/Content/gltf/MaterialFunctions/MF_RotateV2.uexp" 747
"../../../Engine/Plugins/Interchange/Assets/Content/gltf/MaterialFunctions/MF_TransformUVs.uasset" 748
"../../../Engine/Plugins/Interchange/Assets/Content/gltf/MaterialFunctions/MF_TransformUVs.uexp" 749
"../../../Engine/Plugins/Interchange/Assets/Content/gltf/MaterialBodies/MF_Unlit_Body.uasset" 750
"../../../Engine/Plugins/Interchange/Assets/Content/gltf/MaterialBodies/MF_Unlit_Body.uexp" 751
"../../../Engine/Plugins/Interchange/Assets/Content/gltf/M_Unlit.uasset" 752
"../../../Engine/Plugins/Interchange/Assets/Content/gltf/M_Unlit.uexp" 753
"../../../Engine/Plugins/Interchange/Assets/Content/gltf/MaterialInstances/MI_Unlit_Opaque_DS.uasset" 754
"../../../Engine/Plugins/Interchange/Assets/Content/gltf/MaterialInstances/MI_Unlit_Opaque_DS.uexp" 755
"../../../Engine/Plugins/Interchange/Assets/Content/gltf/MaterialInstances/MI_Unlit_Opaque.uasset" 756
"../../../Engine/Plugins/Interchange/Assets/Content/gltf/MaterialInstances/MI_Unlit_Opaque.uexp" 757
"../../../Engine/Plugins/Interchange/Assets/Content/gltf/MaterialInstances/MI_Unlit_Mask_DS.uasset" 758
"../../../Engine/Plugins/Interchange/Assets/Content/gltf/MaterialInstances/MI_Unlit_Mask_DS.uexp" 759
"../../../Engine/Plugins/Interchange/Assets/Content/gltf/MaterialInstances/MI_Unlit_Mask.uasset" 760
"../../../Engine/Plugins/Interchange/Assets/Content/gltf/MaterialInstances/MI_Unlit_Mask.uexp" 761
"../../../Engine/Plugins/Interchange/Assets/Content/gltf/MaterialInstances/MI_Unlit_Blend_DS.uasset" 762
"../../../Engine/Plugins/Interchange/Assets/Content/gltf/MaterialInstances/MI_Unlit_Blend_DS.uexp" 763
"../../../Engine/Plugins/Interchange/Assets/Content/gltf/MaterialInstances/MI_Unlit_Blend.uasset" 764
"../../../Engine/Plugins/Interchange/Assets/Content/gltf/MaterialInstances/MI_Unlit_Blend.uexp" 765
"../../../Engine/Content/EngineMaterials/Good64x64TilingNoiseHighFreq.uasset" 766
"../../../Engine/Content/EngineMaterials/Good64x64TilingNoiseHighFreq.uexp" 767
"../../../Engine/Content/Functions/Engine_MaterialFunctions02/Texturing/ScreenAlignedPixelToPixelUVs.uasset" 768
"../../../Engine/Content/Functions/Engine_MaterialFunctions02/Texturing/ScreenAlignedPixelToPixelUVs.uexp" 769
"../../../Engine/Content/Functions/Engine_MaterialFunctions02/Math/Transform3x3Matrix.uasset" 770
"../../../Engine/Content/Functions/Engine_MaterialFunctions02/Math/Transform3x3Matrix.uexp" 771
"../../../Engine/Plugins/Interchange/Assets/Content/Utilities/New_LUT.uasset" 772
"../../../Engine/Plugins/Interchange/Assets/Content/Utilities/New_LUT.uexp" 773
"../../../Engine/Content/Functions/Engine_MaterialFunctions03/Math/RemapValueRange.uasset" 774
"../../../Engine/Content/Functions/Engine_MaterialFunctions03/Math/RemapValueRange.uexp" 775
"../../../Engine/Plugins/Interchange/Assets/Content/Functions/MF_Iridescence.uasset" 776
"../../../Engine/Plugins/Interchange/Assets/Content/Functions/MF_Iridescence.uexp" 777
"../../../Engine/Plugins/Interchange/Assets/Content/gltf/MaterialFunctions/MF_Fresnel_DS.uasset" 778
"../../../Engine/Plugins/Interchange/Assets/Content/gltf/MaterialFunctions/MF_Fresnel_DS.uexp" 779
"../../../Engine/Plugins/Interchange/Assets/Content/gltf/MaterialFunctions/MF_IOR.uasset" 780
"../../../Engine/Plugins/Interchange/Assets/Content/gltf/MaterialFunctions/MF_IOR.uexp" 781
"../../../Engine/Plugins/Interchange/Assets/Content/gltf/MaterialFunctions/MF_Iridescence.uasset" 782
"../../../Engine/Plugins/Interchange/Assets/Content/gltf/MaterialFunctions/MF_Iridescence.uexp" 783
"../../../Engine/Plugins/Interchange/Assets/Content/gltf/Textures/T_White_Linear.uasset" 784
"../../../Engine/Plugins/Interchange/Assets/Content/gltf/Textures/T_White_Linear.uexp" 785
"../../../Engine/Plugins/Interchange/Assets/Content/gltf/MaterialFunctions/MF_MetallicRoughness.uasset" 786
"../../../Engine/Plugins/Interchange/Assets/Content/gltf/MaterialFunctions/MF_MetallicRoughness.uexp" 787
"../../../Engine/Plugins/Interchange/Assets/Content/gltf/MaterialFunctions/MF_RotateNormals_TS.uasset" 788
"../../../Engine/Plugins/Interchange/Assets/Content/gltf/MaterialFunctions/MF_RotateNormals_TS.uexp" 789
"../../../Engine/Plugins/Interchange/Assets/Content/gltf/MaterialFunctions/MF_ScaleNormal.uasset" 790
"../../../Engine/Plugins/Interchange/Assets/Content/gltf/MaterialFunctions/MF_ScaleNormal.uexp" 791
"../../../Engine/Plugins/Interchange/Assets/Content/gltf/Textures/T_Generic_N.uasset" 792
"../../../Engine/Plugins/Interchange/Assets/Content/gltf/Textures/T_Generic_N.uexp" 793
"../../../Engine/Plugins/Interchange/Assets/Content/gltf/MaterialFunctions/MF_Normals.uasset" 794
"../../../Engine/Plugins/Interchange/Assets/Content/gltf/MaterialFunctions/MF_Normals.uexp" 795
"../../../Engine/Plugins/Interchange/Assets/Content/gltf/MaterialFunctions/MF_Occlusion.uasset" 796
"../../../Engine/Plugins/Interchange/Assets/Content/gltf/MaterialFunctions/MF_Occlusion.uexp" 797
"../../../Engine/Plugins/Interchange/Assets/Content/gltf/MaterialFunctions/MF_Specular.uasset" 798
"../../../Engine/Plugins/Interchange/Assets/Content/gltf/MaterialFunctions/MF_Specular.uexp" 799
"../../../Engine/Plugins/Interchange/Assets/Content/gltf/Textures/T_Anisotropy_Direction_Linear.uasset" 800
"../../../Engine/Plugins/Interchange/Assets/Content/gltf/Textures/T_Anisotropy_Direction_Linear.uexp" 801
"../../../Engine/Plugins/Interchange/Assets/Content/gltf/MaterialFunctions/MF_SpecularAnisotropy.uasset" 802
"../../../Engine/Plugins/Interchange/Assets/Content/gltf/MaterialFunctions/MF_SpecularAnisotropy.uexp" 803
"../../../Engine/Plugins/Interchange/Assets/Content/gltf/MaterialFunctions/MF_Temporal_Blur.uasset" 804
"../../../Engine/Plugins/Interchange/Assets/Content/gltf/MaterialFunctions/MF_Temporal_Blur.uexp" 805
"../../../Engine/Plugins/Interchange/Assets/Content/gltf/MaterialFunctions/MF_Transmission.uasset" 806
"../../../Engine/Plugins/Interchange/Assets/Content/gltf/MaterialFunctions/MF_Transmission.uexp" 807
"../../../Engine/Plugins/Interchange/Assets/Content/gltf/MaterialBodies/MF_Transmission_Body.uasset" 808
"../../../Engine/Plugins/Interchange/Assets/Content/gltf/MaterialBodies/MF_Transmission_Body.uexp" 809
"../../../Engine/Plugins/Interchange/Assets/Content/gltf/M_Transmission.uasset" 810
"../../../Engine/Plugins/Interchange/Assets/Content/gltf/M_Transmission.uexp" 811
"../../../Engine/Plugins/Interchange/Assets/Content/gltf/MaterialInstances/MI_Transmission_DS.uasset" 812
"../../../Engine/Plugins/Interchange/Assets/Content/gltf/MaterialInstances/MI_Transmission_DS.uexp" 813
"../../../Engine/Plugins/Interchange/Assets/Content/gltf/MaterialInstances/MI_Transmission.uasset" 814
"../../../Engine/Plugins/Interchange/Assets/Content/gltf/MaterialInstances/MI_Transmission.uexp" 815
"../../../Engine/Content/Functions/Engine_MaterialFunctions02/Math/AddComponents.uasset" 816
"../../../Engine/Content/Functions/Engine_MaterialFunctions02/Math/AddComponents.uexp" 817
"../../../Engine/Plugins/Interchange/Assets/Content/gltf/MaterialFunctions/MF_DiffuseSpecGloss.uasset" 818
"../../../Engine/Plugins/Interchange/Assets/Content/gltf/MaterialFunctions/MF_DiffuseSpecGloss.uexp" 819
"../../../Engine/Plugins/Interchange/Assets/Content/gltf/MaterialFunctions/MF_Emissive.uasset" 820
"../../../Engine/Plugins/Interchange/Assets/Content/gltf/MaterialFunctions/MF_Emissive.uexp" 821
"../../../Engine/Plugins/Interchange/Assets/Content/gltf/MaterialFunctions/MF_MaxComponentValue.uasset" 822
"../../../Engine/Plugins/Interchange/Assets/Content/gltf/MaterialFunctions/MF_MaxComponentValue.uexp" 823
"../../../Engine/Plugins/Interchange/Assets/Content/gltf/MaterialFunctions/MF_PerceivedBrightness.uasset" 824
"../../../Engine/Plugins/Interchange/Assets/Content/gltf/MaterialFunctions/MF_PerceivedBrightness.uexp" 825
"../../../Engine/Plugins/Interchange/Assets/Content/gltf/MaterialFunctions/MF_SpecGlossToMetalRoughness.uasset" 826
"../../../Engine/Plugins/Interchange/Assets/Content/gltf/MaterialFunctions/MF_SpecGlossToMetalRoughness.uexp" 827
"../../../Engine/Plugins/Interchange/Assets/Content/gltf/MaterialBodies/MF_SpecularGlossiness_Body.uasset" 828
"../../../Engine/Plugins/Interchange/Assets/Content/gltf/MaterialBodies/MF_SpecularGlossiness_Body.uexp" 829
"../../../Engine/Plugins/Interchange/Assets/Content/gltf/M_SpecularGlossiness.uasset" 830
"../../../Engine/Plugins/Interchange/Assets/Content/gltf/M_SpecularGlossiness.uexp" 831
"../../../Engine/Plugins/Interchange/Assets/Content/gltf/MaterialInstances/MI_SpecularGlossiness_Opaque_DS.uasset" 832
"../../../Engine/Plugins/Interchange/Assets/Content/gltf/MaterialInstances/MI_SpecularGlossiness_Opaque_DS.uexp" 833
"../../../Engine/Plugins/Interchange/Assets/Content/gltf/MaterialInstances/MI_SpecularGlossiness_Opaque.uasset" 834
"../../../Engine/Plugins/Interchange/Assets/Content/gltf/MaterialInstances/MI_SpecularGlossiness_Opaque.uexp" 835
"../../../Engine/Plugins/Interchange/Assets/Content/gltf/MaterialInstances/MI_SpecularGlossiness_Mask_DS.uasset" 836
"../../../Engine/Plugins/Interchange/Assets/Content/gltf/MaterialInstances/MI_SpecularGlossiness_Mask_DS.uexp" 837
"../../../Engine/Plugins/Interchange/Assets/Content/gltf/MaterialInstances/MI_SpecularGlossiness_Mask.uasset" 838
"../../../Engine/Plugins/Interchange/Assets/Content/gltf/MaterialInstances/MI_SpecularGlossiness_Mask.uexp" 839
"../../../Engine/Plugins/Interchange/Assets/Content/gltf/MaterialInstances/MI_SpecularGlossiness_Blend_DS.uasset" 840
"../../../Engine/Plugins/Interchange/Assets/Content/gltf/MaterialInstances/MI_SpecularGlossiness_Blend_DS.uexp" 841
"../../../Engine/Plugins/Interchange/Assets/Content/gltf/MaterialInstances/MI_SpecularGlossiness_Blend.uasset" 842
"../../../Engine/Plugins/Interchange/Assets/Content/gltf/MaterialInstances/MI_SpecularGlossiness_Blend.uexp" 843
"../../../Engine/Plugins/Interchange/Assets/Content/gltf/MaterialFunctions/MF_Sheen.uasset" 844
"../../../Engine/Plugins/Interchange/Assets/Content/gltf/MaterialFunctions/MF_Sheen.uexp" 845
"../../../Engine/Plugins/Interchange/Assets/Content/gltf/MaterialBodies/MF_Sheen_Body.uasset" 846
"../../../Engine/Plugins/Interchange/Assets/Content/gltf/MaterialBodies/MF_Sheen_Body.uexp" 847
"../../../Engine/Plugins/Interchange/Assets/Content/gltf/M_Sheen.uasset" 848
"../../../Engine/Plugins/Interchange/Assets/Content/gltf/M_Sheen.uexp" 849
"../../../Engine/Plugins/Interchange/Assets/Content/gltf/MaterialInstances/MI_Sheen_Opaque_DS.uasset" 850
"../../../Engine/Plugins/Interchange/Assets/Content/gltf/MaterialInstances/MI_Sheen_Opaque_DS.uexp" 851
"../../../Engine/Plugins/Interchange/Assets/Content/gltf/MaterialInstances/MI_Sheen_Opaque.uasset" 852
"../../../Engine/Plugins/Interchange/Assets/Content/gltf/MaterialInstances/MI_Sheen_Opaque.uexp" 853
"../../../Engine/Plugins/Interchange/Assets/Content/gltf/MaterialInstances/MI_Sheen_Mask_DS.uasset" 854
"../../../Engine/Plugins/Interchange/Assets/Content/gltf/MaterialInstances/MI_Sheen_Mask_DS.uexp" 855
"../../../Engine/Plugins/Interchange/Assets/Content/gltf/MaterialInstances/MI_Sheen_Mask.uasset" 856
"../../../Engine/Plugins/Interchange/Assets/Content/gltf/MaterialInstances/MI_Sheen_Mask.uexp" 857
"../../../Engine/Plugins/Interchange/Assets/Content/gltf/MaterialInstances/MI_Sheen_Blend_DS.uasset" 858
"../../../Engine/Plugins/Interchange/Assets/Content/gltf/MaterialInstances/MI_Sheen_Blend_DS.uexp" 859
"../../../Engine/Plugins/Interchange/Assets/Content/gltf/MaterialInstances/MI_Sheen_Blend.uasset" 860
"../../../Engine/Plugins/Interchange/Assets/Content/gltf/MaterialInstances/MI_Sheen_Blend.uexp" 861
"../../../Engine/Plugins/Interchange/Assets/Content/gltf/MaterialBodies/MF_Default_Body.uasset" 862
"../../../Engine/Plugins/Interchange/Assets/Content/gltf/MaterialBodies/MF_Default_Body.uexp" 863
"../../../Engine/Plugins/Interchange/Assets/Content/gltf/M_Default.uasset" 864
"../../../Engine/Plugins/Interchange/Assets/Content/gltf/M_Default.uexp" 865
"../../../Engine/Plugins/Interchange/Assets/Content/gltf/MaterialInstances/MI_Default_Opaque_DS.uasset" 866
"../../../Engine/Plugins/Interchange/Assets/Content/gltf/MaterialInstances/MI_Default_Opaque_DS.uexp" 867
"../../../Engine/Plugins/Interchange/Assets/Content/gltf/MaterialInstances/MI_Default_Opaque.uasset" 868
"../../../Engine/Plugins/Interchange/Assets/Content/gltf/MaterialInstances/MI_Default_Opaque.uexp" 869
"../../../Engine/Plugins/Interchange/Assets/Content/gltf/MaterialInstances/MI_Default_Mask_DS.uasset" 870
"../../../Engine/Plugins/Interchange/Assets/Content/gltf/MaterialInstances/MI_Default_Mask_DS.uexp" 871
"../../../Engine/Plugins/Interchange/Assets/Content/gltf/MaterialInstances/MI_Default_Mask.uasset" 872
"../../../Engine/Plugins/Interchange/Assets/Content/gltf/MaterialInstances/MI_Default_Mask.uexp" 873
"../../../Engine/Plugins/Interchange/Assets/Content/gltf/MaterialInstances/MI_Default_Blend_DS.uasset" 874
"../../../Engine/Plugins/Interchange/Assets/Content/gltf/MaterialInstances/MI_Default_Blend_DS.uexp" 875
"../../../Engine/Plugins/Interchange/Assets/Content/gltf/MaterialInstances/MI_Default_Blend.uasset" 876
"../../../Engine/Plugins/Interchange/Assets/Content/gltf/MaterialInstances/MI_Default_Blend.uexp" 877
"../../../Engine/Content/Functions/Engine_MaterialFunctions01/Texturing/FlattenNormal.uasset" 878
"../../../Engine/Content/Functions/Engine_MaterialFunctions01/Texturing/FlattenNormal.uexp" 879
"../../../Engine/Plugins/Interchange/Assets/Content/gltf/MaterialFunctions/MF_Clearcoat.uasset" 880
"../../../Engine/Plugins/Interchange/Assets/Content/gltf/MaterialFunctions/MF_Clearcoat.uexp" 881
"../../../Engine/Plugins/Interchange/Assets/Content/gltf/MaterialBodies/MF_ClearCoat_Body.uasset" 882
"../../../Engine/Plugins/Interchange/Assets/Content/gltf/MaterialBodies/MF_ClearCoat_Body.uexp" 883
"../../../Engine/Plugins/Interchange/Assets/Content/gltf/M_ClearCoat.uasset" 884
"../../../Engine/Plugins/Interchange/Assets/Content/gltf/M_ClearCoat.uexp" 885
"../../../Engine/Plugins/Interchange/Assets/Content/gltf/MaterialInstances/MI_ClearCoat_Opaque_DS.uasset" 886
"../../../Engine/Plugins/Interchange/Assets/Content/gltf/MaterialInstances/MI_ClearCoat_Opaque_DS.uexp" 887
"../../../Engine/Plugins/Interchange/Assets/Content/gltf/MaterialInstances/MI_ClearCoat_Opaque.uasset" 888
"../../../Engine/Plugins/Interchange/Assets/Content/gltf/MaterialInstances/MI_ClearCoat_Opaque.uexp" 889
"../../../Engine/Plugins/Interchange/Assets/Content/gltf/MaterialInstances/MI_ClearCoat_Mask_DS.uasset" 890
"../../../Engine/Plugins/Interchange/Assets/Content/gltf/MaterialInstances/MI_ClearCoat_Mask_DS.uexp" 891
"../../../Engine/Plugins/Interchange/Assets/Content/gltf/MaterialInstances/MI_ClearCoat_Mask.uasset" 892
"../../../Engine/Plugins/Interchange/Assets/Content/gltf/MaterialInstances/MI_ClearCoat_Mask.uexp" 893
"../../../Engine/Plugins/Interchange/Assets/Content/gltf/MaterialInstances/MI_ClearCoat_Blend_DS.uasset" 894
"../../../Engine/Plugins/Interchange/Assets/Content/gltf/MaterialInstances/MI_ClearCoat_Blend_DS.uexp" 895
"../../../Engine/Plugins/Interchange/Assets/Content/gltf/MaterialInstances/MI_ClearCoat_Blend.uasset" 896
"../../../Engine/Plugins/Interchange/Assets/Content/gltf/MaterialInstances/MI_ClearCoat_Blend.uexp" 897
"../../../Engine/Content/EngineMaterials/Substrate/Volume/SubstrateSimpleVolumeLUT3D.uasset" 898
"../../../Engine/Content/EngineMaterials/Substrate/Volume/SubstrateSimpleVolumeLUT3D.uexp" 899
"../../../Engine/Content/EngineMaterials/Substrate/Volume/SubstrateSimpleVolumeEnvLUT3D.uasset" 900
"../../../Engine/Content/EngineMaterials/Substrate/Volume/SubstrateSimpleVolumeEnvLUT3D.uexp" 901
"../../../Engine/Content/EngineMaterials/Substrate/Glints2/AGlintTex2dArray2.uasset" 902
"../../../Engine/Content/EngineMaterials/Substrate/Glints2/AGlintTex2dArray2.uexp" 903
"../../../Engine/Content/EngineMaterials/Substrate/GLints/AGlintTex2dArray.uasset" 904
"../../../Engine/Content/EngineMaterials/Substrate/GLints/AGlintTex2dArray.uexp" 905
"../../../Engine/Content/EngineResources/LandscapeVisibilityLayerInfo.uasset" 906
"../../../Engine/Content/EngineResources/LandscapeVisibilityLayerInfo.uexp" 907
"../../../Engine/Plugins/Animation/DeformerGraph/Content/DeformerFunctions/DG_Function_LinearBlendSkin_Morph_Cloth_PositionOnly.uasset" 908
"../../../Engine/Plugins/Animation/DeformerGraph/Content/DeformerFunctions/DG_Function_LinearBlendSkin_Morph_Cloth_PositionOnly.uexp" 909
"../../../Engine/Plugins/Animation/DeformerGraph/Content/DeformerFunctions/DG_Function_ComputeNormalsTangents.uasset" 910
"../../../Engine/Plugins/Animation/DeformerGraph/Content/DeformerFunctions/DG_Function_ComputeNormalsTangents.uexp" 911
"../../../Engine/Plugins/Animation/DeformerGraph/Content/Deformers/DG_LinearBlendSkin_Morph_Cloth_RecomputeNormals.uasset" 912
"../../../Engine/Plugins/Animation/DeformerGraph/Content/Deformers/DG_LinearBlendSkin_Morph_Cloth_RecomputeNormals.uexp" 913
"../../../Engine/Plugins/Animation/DeformerGraph/Content/DeformerFunctions/DG_Function_LinearBlendSkin_Morph_Cloth.uasset" 914
"../../../Engine/Plugins/Animation/DeformerGraph/Content/DeformerFunctions/DG_Function_LinearBlendSkin_Morph_Cloth.uexp" 915
"../../../Engine/Plugins/Animation/DeformerGraph/Content/Deformers/DG_LinearBlendSkin_Morph_Cloth.uasset" 916
"../../../Engine/Plugins/Animation/DeformerGraph/Content/Deformers/DG_LinearBlendSkin_Morph_Cloth.uexp" 917
"../../../Engine/Content/VREditor/Sounds/UI/Drop_Item_From_ContentBrowser.ubulk" 918
"../../../Engine/Content/VREditor/Sounds/UI/Drop_Item_From_ContentBrowser.uasset" 919
"../../../Engine/Content/VREditor/Sounds/UI/Drop_Item_From_ContentBrowser.uexp" 920
"../../../Engine/Content/VREditor/TransformGizmo/TransformGizmoMaterial_Inst.uasset" 921
"../../../Engine/Content/VREditor/TransformGizmo/TransformGizmoMaterial_Inst.uexp" 922
"../../../Engine/Content/VREditor/TransformGizmo/TranslucentTransformGizmoMaterial_Inst.uasset" 923
"../../../Engine/Content/VREditor/TransformGizmo/TranslucentTransformGizmoMaterial_Inst.uexp" 924
"../../../Engine/Content/Functions/Engine_MaterialFunctions02/SplitComponents.uasset" 925
"../../../Engine/Content/Functions/Engine_MaterialFunctions02/SplitComponents.uexp" 926
"../../../Engine/Content/VREditor/SnapGrid/SnapGridMaterial.uasset" 927
"../../../Engine/Content/VREditor/SnapGrid/SnapGridMaterial.uexp" 928
"../../../Engine/Content/VREditor/SnapGrid/SnapGridPlaneMesh.ubulk" 929
"../../../Engine/Content/VREditor/SnapGrid/SnapGridPlaneMesh.uasset" 930
"../../../Engine/Content/VREditor/SnapGrid/SnapGridPlaneMesh.uexp" 931
"../../../Engine/Content/VREditor/Sounds/UI/Gizmo_Handle_Clicked.ubulk" 932
"../../../Engine/Content/VREditor/Sounds/UI/Gizmo_Handle_Clicked.uasset" 933
"../../../Engine/Content/VREditor/Sounds/UI/Gizmo_Handle_Clicked.uexp" 934
"../../../Engine/Content/VREditor/Sounds/UI/Object_PickUp.ubulk" 935
"../../../Engine/Content/VREditor/Sounds/UI/Object_PickUp.uasset" 936
"../../../Engine/Content/VREditor/Sounds/UI/Object_PickUp.uexp" 937
"../../../Engine/Content/VREditor/Sounds/UI/Object_Snaps_To_Another_Actor.ubulk" 938
"../../../Engine/Content/VREditor/Sounds/UI/Object_Snaps_To_Another_Actor.uasset" 939
"../../../Engine/Content/VREditor/Sounds/UI/Object_Snaps_To_Another_Actor.uexp" 940
"../../../Engine/Content/VREditor/Sounds/UI/Object_Snaps_To_Grid.ubulk" 941
"../../../Engine/Content/VREditor/Sounds/UI/Object_Snaps_To_Grid.uasset" 942
"../../../Engine/Content/VREditor/Sounds/UI/Object_Snaps_To_Grid.uexp" 943
"../../../Engine/Content/VREditor/Sounds/UI/Scaling_Down.ubulk" 944
"../../../Engine/Content/VREditor/Sounds/UI/Scaling_Down.uasset" 945
"../../../Engine/Content/VREditor/Sounds/UI/Scaling_Down.uexp" 946
"../../../Engine/Content/VREditor/Sounds/UI/Scaling_Up.ubulk" 947
"../../../Engine/Content/VREditor/Sounds/UI/Scaling_Up.uasset" 948
"../../../Engine/Content/VREditor/Sounds/UI/Scaling_Up.uexp" 949
"../../../Engine/Content/VREditor/Sounds/UI/Selection_Changes.ubulk" 950
"../../../Engine/Content/VREditor/Sounds/UI/Selection_Changes.uasset" 951
"../../../Engine/Content/VREditor/Sounds/UI/Selection_Changes.uexp" 952
"../../../Engine/Content/VREditor/TransformGizmo/PlaneTranslationHandle.ubulk" 953
"../../../Engine/Content/VREditor/TransformGizmo/PlaneTranslationHandle.uasset" 954
"../../../Engine/Content/VREditor/TransformGizmo/PlaneTranslationHandle.uexp" 955
"../../../Engine/Content/VREditor/TransformGizmo/RotationHandleFull.ubulk" 956
"../../../Engine/Content/VREditor/TransformGizmo/RotationHandleFull.uasset" 957
"../../../Engine/Content/VREditor/TransformGizmo/RotationHandleFull.uexp" 958
"../../../Engine/Content/VREditor/TransformGizmo/RotationHandleIndicator.ubulk" 959
"../../../Engine/Content/VREditor/TransformGizmo/RotationHandleIndicator.uasset" 960
"../../../Engine/Content/VREditor/TransformGizmo/RotationHandleIndicator.uexp" 961
"../../../Engine/Content/VREditor/TransformGizmo/RotationHandleQuarter.ubulk" 962
"../../../Engine/Content/VREditor/TransformGizmo/RotationHandleQuarter.uasset" 963
"../../../Engine/Content/VREditor/TransformGizmo/RotationHandleQuarter.uexp" 964
"../../../Engine/Content/VREditor/TransformGizmo/StartRotationHandleIndicator.ubulk" 965
"../../../Engine/Content/VREditor/TransformGizmo/StartRotationHandleIndicator.uasset" 966
"../../../Engine/Content/VREditor/TransformGizmo/StartRotationHandleIndicator.uexp" 967
"../../../Engine/Content/VREditor/TransformGizmo/TransformGizmoFreeRotation.ubulk" 968
"../../../Engine/Content/VREditor/TransformGizmo/TransformGizmoFreeRotation.uasset" 969
"../../../Engine/Content/VREditor/TransformGizmo/TransformGizmoFreeRotation.uexp" 970
"../../../Engine/Content/VREditor/TransformGizmo/TranslateArrowHandle.ubulk" 971
"../../../Engine/Content/VREditor/TransformGizmo/TranslateArrowHandle.uasset" 972
"../../../Engine/Content/VREditor/TransformGizmo/TranslateArrowHandle.uexp" 973
"../../../Engine/Content/VREditor/TransformGizmo/UniformScaleHandle.ubulk" 974
"../../../Engine/Content/VREditor/TransformGizmo/UniformScaleHandle.uasset" 975
"../../../Engine/Content/VREditor/TransformGizmo/UniformScaleHandle.uexp" 976
"C:/Users/maric/OneDrive/Documents/GitHub/Edward_Octohands/Content/BluePrints/BPI_Triggerable.uasset" 977
"C:/Users/maric/OneDrive/Documents/GitHub/Edward_Octohands/Content/BluePrints/BPI_Triggerable.uexp" 978
"C:/Users/maric/OneDrive/Documents/GitHub/Edward_Octohands/Content/Audio/SoundAttenuation.uasset" 979
"C:/Users/maric/OneDrive/Documents/GitHub/Edward_Octohands/Content/Audio/SoundAttenuation.uexp" 980
"C:/Users/maric/OneDrive/Documents/GitHub/Edward_Octohands/Content/Audio/DoorOpening.ubulk" 981
"C:/Users/maric/OneDrive/Documents/GitHub/Edward_Octohands/Content/Audio/DoorOpening.uasset" 982
"C:/Users/maric/OneDrive/Documents/GitHub/Edward_Octohands/Content/Audio/DoorOpening.uexp" 983
"C:/Users/maric/OneDrive/Documents/GitHub/Edward_Octohands/Content/Audio/DoorClosing.ubulk" 984
"C:/Users/maric/OneDrive/Documents/GitHub/Edward_Octohands/Content/Audio/DoorClosing.uasset" 985
"C:/Users/maric/OneDrive/Documents/GitHub/Edward_Octohands/Content/Audio/DoorClosing.uexp" 986
"../../../Engine/Plugins/Interchange/Assets/Content/Functions/MF_PhongToMetalRoughness.uasset" 987
"../../../Engine/Plugins/Interchange/Assets/Content/Functions/MF_PhongToMetalRoughness.uexp" 988
"C:/Users/maric/OneDrive/Documents/GitHub/Edward_Octohands/Content/Arch_Door/Wood.uasset" 989
"C:/Users/maric/OneDrive/Documents/GitHub/Edward_Octohands/Content/Arch_Door/Wood.uexp" 990
"C:/Users/maric/OneDrive/Documents/GitHub/Edward_Octohands/Content/Arch_Door/Metal.uasset" 991
"C:/Users/maric/OneDrive/Documents/GitHub/Edward_Octohands/Content/Arch_Door/Metal.uexp" 992
"C:/Users/maric/OneDrive/Documents/GitHub/Edward_Octohands/Content/Arch_Door/DarkWood.uasset" 993
"C:/Users/maric/OneDrive/Documents/GitHub/Edward_Octohands/Content/Arch_Door/DarkWood.uexp" 994
"C:/Users/maric/OneDrive/Documents/GitHub/Edward_Octohands/Content/Arch_Door/DarkMetal.uasset" 995
"C:/Users/maric/OneDrive/Documents/GitHub/Edward_Octohands/Content/Arch_Door/DarkMetal.uexp" 996
"C:/Users/maric/OneDrive/Documents/GitHub/Edward_Octohands/Content/Arch_Door/Arch_Door_bottompivot.ubulk" 997
"C:/Users/maric/OneDrive/Documents/GitHub/Edward_Octohands/Content/Arch_Door/Arch_Door_bottompivot.uasset" 998
"C:/Users/maric/OneDrive/Documents/GitHub/Edward_Octohands/Content/Arch_Door/Arch_Door_bottompivot.uexp" 999
"C:/Users/maric/OneDrive/Documents/GitHub/Edward_Octohands/Content/BluePrints/BP_Door.uasset" 1000
"C:/Users/maric/OneDrive/Documents/GitHub/Edward_Octohands/Content/BluePrints/BP_Door.uexp" 1001
"../../../Engine/Content/EditorResources/MatineeCam_D.uasset" 1002
"../../../Engine/Content/EditorResources/MatineeCam_D.uexp" 1003
"../../../Engine/Content/EditorMaterials/MatineeCam_mat.uasset" 1004
"../../../Engine/Content/EditorMaterials/MatineeCam_mat.uexp" 1005
"../../../Engine/Content/EditorMeshes/MatineeCam_SM.ubulk" 1006
"../../../Engine/Content/EditorMeshes/MatineeCam_SM.uasset" 1007
"../../../Engine/Content/EditorMeshes/MatineeCam_SM.uexp" 1008
"../../../Engine/Content/EditorBlueprintResources/StandardMacros.uasset" 1009
"../../../Engine/Content/EditorBlueprintResources/StandardMacros.uexp" 1010
"C:/Users/maric/OneDrive/Documents/GitHub/Edward_Octohands/Content/VRSpectator/RT_VRSpectator.uasset" 1011
"C:/Users/maric/OneDrive/Documents/GitHub/Edward_Octohands/Content/VRSpectator/RT_VRSpectator.uexp" 1012
"C:/Users/maric/OneDrive/Documents/GitHub/Edward_Octohands/Content/VRSpectator/EVRSpectatorMode.uasset" 1013
"C:/Users/maric/OneDrive/Documents/GitHub/Edward_Octohands/Content/VRSpectator/EVRSpectatorMode.uexp" 1014
"C:/Users/maric/OneDrive/Documents/GitHub/Edward_Octohands/Content/VRSpectator/Input/Actions/IA_VRSpectator_FadeInOut.uasset" 1015
"C:/Users/maric/OneDrive/Documents/GitHub/Edward_Octohands/Content/VRSpectator/Input/Actions/IA_VRSpectator_FadeInOut.uexp" 1016
"C:/Users/maric/OneDrive/Documents/GitHub/Edward_Octohands/Content/VRSpectator/Input/Actions/IA_VRSpectator_FOV.uasset" 1017
"C:/Users/maric/OneDrive/Documents/GitHub/Edward_Octohands/Content/VRSpectator/Input/Actions/IA_VRSpectator_FOV.uexp" 1018
"C:/Users/maric/OneDrive/Documents/GitHub/Edward_Octohands/Content/VRSpectator/Input/Actions/IA_VRSpectator_FOV_Reset.uasset" 1019
"C:/Users/maric/OneDrive/Documents/GitHub/Edward_Octohands/Content/VRSpectator/Input/Actions/IA_VRSpectator_FOV_Reset.uexp" 1020
"C:/Users/maric/OneDrive/Documents/GitHub/Edward_Octohands/Content/VRSpectator/Input/Actions/IA_VRSpectator_Look.uasset" 1021
"C:/Users/maric/OneDrive/Documents/GitHub/Edward_Octohands/Content/VRSpectator/Input/Actions/IA_VRSpectator_Look.uexp" 1022
"C:/Users/maric/OneDrive/Documents/GitHub/Edward_Octohands/Content/VRSpectator/Input/Actions/IA_VRSpectator_Move.uasset" 1023
"C:/Users/maric/OneDrive/Documents/GitHub/Edward_Octohands/Content/VRSpectator/Input/Actions/IA_VRSpectator_Move.uexp" 1024
"C:/Users/maric/OneDrive/Documents/GitHub/Edward_Octohands/Content/VRSpectator/Input/Actions/IA_VRSpectator_ResetRotation.uasset" 1025
"C:/Users/maric/OneDrive/Documents/GitHub/Edward_Octohands/Content/VRSpectator/Input/Actions/IA_VRSpectator_ResetRotation.uexp" 1026
"C:/Users/maric/OneDrive/Documents/GitHub/Edward_Octohands/Content/VRSpectator/Input/Actions/IA_VRSpectator_Toggle.uasset" 1027
"C:/Users/maric/OneDrive/Documents/GitHub/Edward_Octohands/Content/VRSpectator/Input/Actions/IA_VRSpectator_Toggle.uexp" 1028
"C:/Users/maric/OneDrive/Documents/GitHub/Edward_Octohands/Content/VRSpectator/Input/IMC_VRSpectator.uasset" 1029
"C:/Users/maric/OneDrive/Documents/GitHub/Edward_Octohands/Content/VRSpectator/Input/IMC_VRSpectator.uexp" 1030
"C:/Users/maric/OneDrive/Documents/GitHub/Edward_Octohands/Content/VRSpectator/VRSpectator.uasset" 1031
"C:/Users/maric/OneDrive/Documents/GitHub/Edward_Octohands/Content/VRSpectator/VRSpectator.uexp" 1032
"../../../Engine/Content/Functions/Engine_MaterialFunctions01/Gradient/LinearGradient.uasset" 1033
"../../../Engine/Content/Functions/Engine_MaterialFunctions01/Gradient/LinearGradient.uexp" 1034
"../../../Engine/Content/Functions/Engine_MaterialFunctions01/ImageAdjustment/CheapContrast.uasset" 1035
"../../../Engine/Content/Functions/Engine_MaterialFunctions01/ImageAdjustment/CheapContrast.uexp" 1036
"C:/Users/maric/OneDrive/Documents/GitHub/Edward_Octohands/Content/LevelPrototyping/Textures/T_GridChecker_A.ubulk" 1037
"C:/Users/maric/OneDrive/Documents/GitHub/Edward_Octohands/Content/LevelPrototyping/Textures/T_GridChecker_A.uasset" 1038
"C:/Users/maric/OneDrive/Documents/GitHub/Edward_Octohands/Content/LevelPrototyping/Textures/T_GridChecker_A.uexp" 1039
"C:/Users/maric/OneDrive/Documents/GitHub/Edward_Octohands/Content/LevelPrototyping/Materials/MF_ProcGrid.uasset" 1040
"C:/Users/maric/OneDrive/Documents/GitHub/Edward_Octohands/Content/LevelPrototyping/Materials/MF_ProcGrid.uexp" 1041
"C:/Users/maric/OneDrive/Documents/GitHub/Edward_Octohands/Content/LevelPrototyping/Materials/M_PrototypeGrid.uasset" 1042
"C:/Users/maric/OneDrive/Documents/GitHub/Edward_Octohands/Content/LevelPrototyping/Materials/M_PrototypeGrid.uexp" 1043
"C:/Users/maric/OneDrive/Documents/GitHub/Edward_Octohands/Content/LevelPrototyping/Materials/MI_PrototypeGrid_Gray.uasset" 1044
"C:/Users/maric/OneDrive/Documents/GitHub/Edward_Octohands/Content/LevelPrototyping/Materials/MI_PrototypeGrid_Gray.uexp" 1045
"C:/Users/maric/OneDrive/Documents/GitHub/Edward_Octohands/Content/LevelPrototyping/Meshes/SM_Cube.ubulk" 1046
"C:/Users/maric/OneDrive/Documents/GitHub/Edward_Octohands/Content/LevelPrototyping/Meshes/SM_Cube.uasset" 1047
"C:/Users/maric/OneDrive/Documents/GitHub/Edward_Octohands/Content/LevelPrototyping/Meshes/SM_Cube.uexp" 1048
"C:/Users/maric/OneDrive/Documents/GitHub/Edward_Octohands/Content/VRTemplate/Haptics/GrabHapticEffect.uasset" 1049
"C:/Users/maric/OneDrive/Documents/GitHub/Edward_Octohands/Content/VRTemplate/Haptics/GrabHapticEffect.uexp" 1050
"C:/Users/maric/OneDrive/Documents/GitHub/Edward_Octohands/Content/VRTemplate/Blueprints/GrabType.uasset" 1051
"C:/Users/maric/OneDrive/Documents/GitHub/Edward_Octohands/Content/VRTemplate/Blueprints/GrabType.uexp" 1052
"C:/Users/maric/OneDrive/Documents/GitHub/Edward_Octohands/Content/VRTemplate/Blueprints/GrabComponent.uasset" 1053
"C:/Users/maric/OneDrive/Documents/GitHub/Edward_Octohands/Content/VRTemplate/Blueprints/GrabComponent.uexp" 1054
"../../../Engine/Content/VREditor/Devices/Generic/GenericHMDMaterial.uasset" 1055
"../../../Engine/Content/VREditor/Devices/Generic/GenericHMDMaterial.uexp" 1056
"../../../Engine/Content/VREditor/Devices/Generic/GenericHMD.ubulk" 1057
"../../../Engine/Content/VREditor/Devices/Generic/GenericHMD.uasset" 1058
"../../../Engine/Content/VREditor/Devices/Generic/GenericHMD.uexp" 1059
"C:/Users/maric/OneDrive/Documents/GitHub/Edward_Octohands/Content/Octopus/FFCC88.uasset" 1060
"C:/Users/maric/OneDrive/Documents/GitHub/Edward_Octohands/Content/Octopus/FFCC88.uexp" 1061
"C:/Users/maric/OneDrive/Documents/GitHub/Edward_Octohands/Content/Octopus/FF5722.uasset" 1062
"C:/Users/maric/OneDrive/Documents/GitHub/Edward_Octohands/Content/Octopus/FF5722.uexp" 1063
"C:/Users/maric/OneDrive/Documents/GitHub/Edward_Octohands/Content/Octopus/1A1A1A.uasset" 1064
"C:/Users/maric/OneDrive/Documents/GitHub/Edward_Octohands/Content/Octopus/1A1A1A.uexp" 1065
"C:/Users/maric/OneDrive/Documents/GitHub/Edward_Octohands/Content/Octopus/Octopus_01.ubulk" 1066
"C:/Users/maric/OneDrive/Documents/GitHub/Edward_Octohands/Content/Octopus/Octopus_01.uasset" 1067
"C:/Users/maric/OneDrive/Documents/GitHub/Edward_Octohands/Content/Octopus/Octopus_01.uexp" 1068
"C:/Users/maric/OneDrive/Documents/GitHub/Edward_Octohands/Content/BluePrints/BPI_OctoAbility.uasset" 1069
"C:/Users/maric/OneDrive/Documents/GitHub/Edward_Octohands/Content/BluePrints/BPI_OctoAbility.uexp" 1070
"C:/Users/maric/OneDrive/Documents/GitHub/Edward_Octohands/Content/VRTemplate/Blueprints/BPI_PawnAnim.uasset" 1071
"C:/Users/maric/OneDrive/Documents/GitHub/Edward_Octohands/Content/VRTemplate/Blueprints/BPI_PawnAnim.uexp" 1072
"C:/Users/maric/OneDrive/Documents/GitHub/Edward_Octohands/Content/VRTemplate/Input/Actions/IA_Shoot_Right.uasset" 1073
"C:/Users/maric/OneDrive/Documents/GitHub/Edward_Octohands/Content/VRTemplate/Input/Actions/IA_Shoot_Right.uexp" 1074
"C:/Users/maric/OneDrive/Documents/GitHub/Edward_Octohands/Content/VRTemplate/Input/IMC_Weapon_Right.uasset" 1075
"C:/Users/maric/OneDrive/Documents/GitHub/Edward_Octohands/Content/VRTemplate/Input/IMC_Weapon_Right.uexp" 1076
"C:/Users/maric/OneDrive/Documents/GitHub/Edward_Octohands/Content/VRTemplate/Input/Actions/IA_Shoot_Left.uasset" 1077
"C:/Users/maric/OneDrive/Documents/GitHub/Edward_Octohands/Content/VRTemplate/Input/Actions/IA_Shoot_Left.uexp" 1078
"C:/Users/maric/OneDrive/Documents/GitHub/Edward_Octohands/Content/VRTemplate/Input/IMC_Weapon_Left.uasset" 1079
"C:/Users/maric/OneDrive/Documents/GitHub/Edward_Octohands/Content/VRTemplate/Input/IMC_Weapon_Left.uexp" 1080
"C:/Users/maric/OneDrive/Documents/GitHub/Edward_Octohands/Content/VRTemplate/Input/Actions/IA_OctoAbility_Right.uasset" 1081
"C:/Users/maric/OneDrive/Documents/GitHub/Edward_Octohands/Content/VRTemplate/Input/Actions/IA_OctoAbility_Right.uexp" 1082
"C:/Users/maric/OneDrive/Documents/GitHub/Edward_Octohands/Content/VRTemplate/Input/Actions/IA_OctoAbility_Left.uasset" 1083
"C:/Users/maric/OneDrive/Documents/GitHub/Edward_Octohands/Content/VRTemplate/Input/Actions/IA_OctoAbility_Left.uexp" 1084
"C:/Users/maric/OneDrive/Documents/GitHub/Edward_Octohands/Content/BluePrints/BP_Octohand.uasset" 1085
"C:/Users/maric/OneDrive/Documents/GitHub/Edward_Octohands/Content/BluePrints/BP_Octohand.uexp" 1086
"C:/Users/maric/OneDrive/Documents/GitHub/Edward_Octohands/Content/Audio/FishSlapGround.ubulk" 1087
"C:/Users/maric/OneDrive/Documents/GitHub/Edward_Octohands/Content/Audio/FishSlapGround.uasset" 1088
"C:/Users/maric/OneDrive/Documents/GitHub/Edward_Octohands/Content/Audio/FishSlapGround.uexp" 1089
"C:/Users/maric/OneDrive/Documents/GitHub/Edward_Octohands/Content/VRTemplate/VFX/NPC_VRTemplate.uasset" 1090
"C:/Users/maric/OneDrive/Documents/GitHub/Edward_Octohands/Content/VRTemplate/VFX/NPC_VRTemplate.uexp" 1091
"C:/Users/maric/OneDrive/Documents/GitHub/Edward_Octohands/Content/VRTemplate/Materials/DefaultRibbonMaterial_NoGradient.uasset" 1092
"C:/Users/maric/OneDrive/Documents/GitHub/Edward_Octohands/Content/VRTemplate/Materials/DefaultRibbonMaterial_NoGradient.uexp" 1093
"C:/Users/maric/OneDrive/Documents/GitHub/Edward_Octohands/Content/VRTemplate/VFX/NS_TeleportTrace.uasset" 1094
"C:/Users/maric/OneDrive/Documents/GitHub/Edward_Octohands/Content/VRTemplate/VFX/NS_TeleportTrace.uexp" 1095
"C:/Users/maric/OneDrive/Documents/GitHub/Edward_Octohands/Content/VRTemplate/Input/Actions/Hands/IA_Hand_Grasp_Left.uasset" 1096
"C:/Users/maric/OneDrive/Documents/GitHub/Edward_Octohands/Content/VRTemplate/Input/Actions/Hands/IA_Hand_Grasp_Left.uexp" 1097
"C:/Users/maric/OneDrive/Documents/GitHub/Edward_Octohands/Content/VRTemplate/Input/Actions/Hands/IA_Hand_Grasp_Right.uasset" 1098
"C:/Users/maric/OneDrive/Documents/GitHub/Edward_Octohands/Content/VRTemplate/Input/Actions/Hands/IA_Hand_Grasp_Right.uexp" 1099
"C:/Users/maric/OneDrive/Documents/GitHub/Edward_Octohands/Content/VRTemplate/Input/Actions/Hands/IA_Hand_IndexCurl_Left.uasset" 1100
"C:/Users/maric/OneDrive/Documents/GitHub/Edward_Octohands/Content/VRTemplate/Input/Actions/Hands/IA_Hand_IndexCurl_Left.uexp" 1101
"C:/Users/maric/OneDrive/Documents/GitHub/Edward_Octohands/Content/VRTemplate/Input/Actions/Hands/IA_Hand_IndexCurl_Right.uasset" 1102
"C:/Users/maric/OneDrive/Documents/GitHub/Edward_Octohands/Content/VRTemplate/Input/Actions/Hands/IA_Hand_IndexCurl_Right.uexp" 1103
"C:/Users/maric/OneDrive/Documents/GitHub/Edward_Octohands/Content/VRTemplate/Input/Actions/Hands/IA_Hand_Point_Left.uasset" 1104
"C:/Users/maric/OneDrive/Documents/GitHub/Edward_Octohands/Content/VRTemplate/Input/Actions/Hands/IA_Hand_Point_Left.uexp" 1105
"C:/Users/maric/OneDrive/Documents/GitHub/Edward_Octohands/Content/VRTemplate/Input/Actions/Hands/IA_Hand_Point_Right.uasset" 1106
"C:/Users/maric/OneDrive/Documents/GitHub/Edward_Octohands/Content/VRTemplate/Input/Actions/Hands/IA_Hand_Point_Right.uexp" 1107
"C:/Users/maric/OneDrive/Documents/GitHub/Edward_Octohands/Content/VRTemplate/Input/Actions/Hands/IA_Hand_ThumbUp_Left.uasset" 1108
"C:/Users/maric/OneDrive/Documents/GitHub/Edward_Octohands/Content/VRTemplate/Input/Actions/Hands/IA_Hand_ThumbUp_Left.uexp" 1109
"C:/Users/maric/OneDrive/Documents/GitHub/Edward_Octohands/Content/VRTemplate/Input/Actions/Hands/IA_Hand_ThumbUp_Right.uasset" 1110
"C:/Users/maric/OneDrive/Documents/GitHub/Edward_Octohands/Content/VRTemplate/Input/Actions/Hands/IA_Hand_ThumbUp_Right.uexp" 1111
"C:/Users/maric/OneDrive/Documents/GitHub/Edward_Octohands/Content/VRTemplate/Input/IMC_Hands.uasset" 1112
"C:/Users/maric/OneDrive/Documents/GitHub/Edward_Octohands/Content/VRTemplate/Input/IMC_Hands.uexp" 1113
"C:/Users/maric/OneDrive/Documents/GitHub/Edward_Octohands/Content/VRTemplate/Input/Actions/IA_Grab_Left_Pressed.uasset" 1114
"C:/Users/maric/OneDrive/Documents/GitHub/Edward_Octohands/Content/VRTemplate/Input/Actions/IA_Grab_Left_Pressed.uexp" 1115
"C:/Users/maric/OneDrive/Documents/GitHub/Edward_Octohands/Content/VRTemplate/Input/Actions/IA_Grab_Left_Released.uasset" 1116
"C:/Users/maric/OneDrive/Documents/GitHub/Edward_Octohands/Content/VRTemplate/Input/Actions/IA_Grab_Left_Released.uexp" 1117
"C:/Users/maric/OneDrive/Documents/GitHub/Edward_Octohands/Content/VRTemplate/Input/Actions/IA_Grab_Right_Pressed.uasset" 1118
"C:/Users/maric/OneDrive/Documents/GitHub/Edward_Octohands/Content/VRTemplate/Input/Actions/IA_Grab_Right_Pressed.uexp" 1119
"C:/Users/maric/OneDrive/Documents/GitHub/Edward_Octohands/Content/VRTemplate/Input/Actions/IA_Grab_Right_Released.uasset" 1120
"C:/Users/maric/OneDrive/Documents/GitHub/Edward_Octohands/Content/VRTemplate/Input/Actions/IA_Grab_Right_Released.uexp" 1121
"C:/Users/maric/OneDrive/Documents/GitHub/Edward_Octohands/Content/VRTemplate/Input/Actions/IA_Menu_Toggle_Left.uasset" 1122
"C:/Users/maric/OneDrive/Documents/GitHub/Edward_Octohands/Content/VRTemplate/Input/Actions/IA_Menu_Toggle_Left.uexp" 1123
"C:/Users/maric/OneDrive/Documents/GitHub/Edward_Octohands/Content/VRTemplate/Input/Actions/IA_Menu_Toggle_Right.uasset" 1124
"C:/Users/maric/OneDrive/Documents/GitHub/Edward_Octohands/Content/VRTemplate/Input/Actions/IA_Menu_Toggle_Right.uexp" 1125
"C:/Users/maric/OneDrive/Documents/GitHub/Edward_Octohands/Content/VRTemplate/Input/B_InputModifier_XAxisPositiveOnly.uasset" 1126
"C:/Users/maric/OneDrive/Documents/GitHub/Edward_Octohands/Content/VRTemplate/Input/B_InputModifier_XAxisPositiveOnly.uexp" 1127
"C:/Users/maric/OneDrive/Documents/GitHub/Edward_Octohands/Content/VRTemplate/Input/Actions/IA_Move.uasset" 1128
"C:/Users/maric/OneDrive/Documents/GitHub/Edward_Octohands/Content/VRTemplate/Input/Actions/IA_Move.uexp" 1129
"C:/Users/maric/OneDrive/Documents/GitHub/Edward_Octohands/Content/VRTemplate/Input/Actions/IA_OctoAttach_Left.uasset" 1130
"C:/Users/maric/OneDrive/Documents/GitHub/Edward_Octohands/Content/VRTemplate/Input/Actions/IA_OctoAttach_Left.uexp" 1131
"C:/Users/maric/OneDrive/Documents/GitHub/Edward_Octohands/Content/VRTemplate/Input/Actions/IA_OctoAttach_Right.uasset" 1132
"C:/Users/maric/OneDrive/Documents/GitHub/Edward_Octohands/Content/VRTemplate/Input/Actions/IA_OctoAttach_Right.uexp" 1133
"C:/Users/maric/OneDrive/Documents/GitHub/Edward_Octohands/Content/VRTemplate/Input/Actions/IA_Turn.uasset" 1134
"C:/Users/maric/OneDrive/Documents/GitHub/Edward_Octohands/Content/VRTemplate/Input/Actions/IA_Turn.uexp" 1135
"C:/Users/maric/OneDrive/Documents/GitHub/Edward_Octohands/Content/VRTemplate/Input/IMC_Default.uasset" 1136
"C:/Users/maric/OneDrive/Documents/GitHub/Edward_Octohands/Content/VRTemplate/Input/IMC_Default.uexp" 1137
"../../../Engine/Content/BasicShapes/Cylinder.ubulk" 1138
"../../../Engine/Content/BasicShapes/Cylinder.uasset" 1139
"../../../Engine/Content/BasicShapes/Cylinder.uexp" 1140
"../../../Engine/Content/Functions/Engine_MaterialFunctions02/Utility/DepthFromWorldPosition.uasset" 1141
"../../../Engine/Content/Functions/Engine_MaterialFunctions02/Utility/DepthFromWorldPosition.uexp" 1142
"C:/Users/maric/OneDrive/Documents/GitHub/Edward_Octohands/Content/VRTemplate/Materials/Functions/MF_OccludedPixels.uasset" 1143
"C:/Users/maric/OneDrive/Documents/GitHub/Edward_Octohands/Content/VRTemplate/Materials/Functions/MF_OccludedPixels.uexp" 1144
"C:/Users/maric/OneDrive/Documents/GitHub/Edward_Octohands/Content/VRTemplate/Materials/M_TeleportNoise.uasset" 1145
"C:/Users/maric/OneDrive/Documents/GitHub/Edward_Octohands/Content/VRTemplate/Materials/M_TeleportNoise.uexp" 1146
"C:/Users/maric/OneDrive/Documents/GitHub/Edward_Octohands/Content/VRTemplate/Materials/M_TeleportCylinder.uasset" 1147
"C:/Users/maric/OneDrive/Documents/GitHub/Edward_Octohands/Content/VRTemplate/Materials/M_TeleportCylinder.uexp" 1148
"C:/Users/maric/OneDrive/Documents/GitHub/Edward_Octohands/Content/VRTemplate/VFX/NS_TeleportRing.uasset" 1149
"C:/Users/maric/OneDrive/Documents/GitHub/Edward_Octohands/Content/VRTemplate/VFX/NS_TeleportRing.uexp" 1150
"C:/Users/maric/OneDrive/Documents/GitHub/Edward_Octohands/Content/VRTemplate/VFX/NS_PlayAreaBounds.uasset" 1151
"C:/Users/maric/OneDrive/Documents/GitHub/Edward_Octohands/Content/VRTemplate/VFX/NS_PlayAreaBounds.uexp" 1152
"C:/Users/maric/OneDrive/Documents/GitHub/Edward_Octohands/Content/VRTemplate/Blueprints/VRTeleportVisualizer.uasset" 1153
"C:/Users/maric/OneDrive/Documents/GitHub/Edward_Octohands/Content/VRTemplate/Blueprints/VRTeleportVisualizer.uexp" 1154
"../../../Engine/Content/BasicShapes/Sphere.ubulk" 1155
"../../../Engine/Content/BasicShapes/Sphere.uasset" 1156
"../../../Engine/Content/BasicShapes/Sphere.uexp" 1157
"C:/Users/maric/OneDrive/Documents/GitHub/Edward_Octohands/Content/VRTemplate/VFX/NS_MenuLaser.uasset" 1158
"C:/Users/maric/OneDrive/Documents/GitHub/Edward_Octohands/Content/VRTemplate/VFX/NS_MenuLaser.uexp" 1159
"C:/Users/maric/OneDrive/Documents/GitHub/Edward_Octohands/Content/VRTemplate/Materials/M_VRCursor.uasset" 1160
"C:/Users/maric/OneDrive/Documents/GitHub/Edward_Octohands/Content/VRTemplate/Materials/M_VRCursor.uexp" 1161
"C:/Users/maric/OneDrive/Documents/GitHub/Edward_Octohands/Content/VRTemplate/Input/Actions/IA_Menu_Cursor_Left.uasset" 1162
"C:/Users/maric/OneDrive/Documents/GitHub/Edward_Octohands/Content/VRTemplate/Input/Actions/IA_Menu_Cursor_Left.uexp" 1163
"C:/Users/maric/OneDrive/Documents/GitHub/Edward_Octohands/Content/VRTemplate/Input/Actions/IA_Menu_Cursor_Right.uasset" 1164
"C:/Users/maric/OneDrive/Documents/GitHub/Edward_Octohands/Content/VRTemplate/Input/Actions/IA_Menu_Cursor_Right.uexp" 1165
"C:/Users/maric/OneDrive/Documents/GitHub/Edward_Octohands/Content/VRTemplate/Input/Actions/IA_Menu_Interact_Left_Pressed.uasset" 1166
"C:/Users/maric/OneDrive/Documents/GitHub/Edward_Octohands/Content/VRTemplate/Input/Actions/IA_Menu_Interact_Left_Pressed.uexp" 1167
"C:/Users/maric/OneDrive/Documents/GitHub/Edward_Octohands/Content/VRTemplate/Input/Actions/IA_Menu_Interact_Right_Pressed.uasset" 1168
"C:/Users/maric/OneDrive/Documents/GitHub/Edward_Octohands/Content/VRTemplate/Input/Actions/IA_Menu_Interact_Right_Pressed.uexp" 1169
"C:/Users/maric/OneDrive/Documents/GitHub/Edward_Octohands/Content/VRTemplate/Input/IMC_Menu.uasset" 1170
"C:/Users/maric/OneDrive/Documents/GitHub/Edward_Octohands/Content/VRTemplate/Input/IMC_Menu.uexp" 1171
"../../../Engine/Content/EditorResources/AI/S_NavLink.uasset" 1172
"../../../Engine/Content/EditorResources/AI/S_NavLink.uexp" 1173
"C:/Users/maric/OneDrive/Documents/GitHub/Edward_Octohands/Content/VRTemplate/Blueprints/WidgetMenu.uasset" 1174
"C:/Users/maric/OneDrive/Documents/GitHub/Edward_Octohands/Content/VRTemplate/Blueprints/WidgetMenu.uexp" 1175
"C:/Users/maric/OneDrive/Documents/GitHub/Edward_Octohands/Content/VRTemplate/Blueprints/Menu.uasset" 1176
"C:/Users/maric/OneDrive/Documents/GitHub/Edward_Octohands/Content/VRTemplate/Blueprints/Menu.uexp" 1177
"C:/Users/maric/OneDrive/Documents/GitHub/Edward_Octohands/Content/Characters/MannequinsXR/Meshes/SK_MannequinsXR.uasset" 1178
"C:/Users/maric/OneDrive/Documents/GitHub/Edward_Octohands/Content/Characters/MannequinsXR/Meshes/SK_MannequinsXR.uexp" 1179
"C:/Users/maric/OneDrive/Documents/GitHub/Edward_Octohands/Content/Characters/MannequinsXR/Animations/MDT_MannequinsXR.uasset" 1180
"C:/Users/maric/OneDrive/Documents/GitHub/Edward_Octohands/Content/Characters/MannequinsXR/Animations/MDT_MannequinsXR.uexp" 1181
"../../../Engine/Content/Animation/DefaultRecorderBoneCompression.uasset" 1182
"../../../Engine/Content/Animation/DefaultRecorderBoneCompression.uexp" 1183
"../../../Engine/Content/Animation/DefaultAnimCurveCompressionSettings.uasset" 1184
"../../../Engine/Content/Animation/DefaultAnimCurveCompressionSettings.uexp" 1185
"C:/Users/maric/OneDrive/Documents/GitHub/Edward_Octohands/Content/Characters/MannequinsXR/Animations/A_MannequinsXR_ThumbUp_Right.uasset" 1186
"C:/Users/maric/OneDrive/Documents/GitHub/Edward_Octohands/Content/Characters/MannequinsXR/Animations/A_MannequinsXR_ThumbUp_Right.m.ubulk" 1187
"C:/Users/maric/OneDrive/Documents/GitHub/Edward_Octohands/Content/Characters/MannequinsXR/Animations/A_MannequinsXR_ThumbUp_Right.uexp" 1188
"C:/Users/maric/OneDrive/Documents/GitHub/Edward_Octohands/Content/Characters/MannequinsXR/Animations/A_MannequinsXR_Point_Right.uasset" 1189
"C:/Users/maric/OneDrive/Documents/GitHub/Edward_Octohands/Content/Characters/MannequinsXR/Animations/A_MannequinsXR_Point_Right.m.ubulk" 1190
"C:/Users/maric/OneDrive/Documents/GitHub/Edward_Octohands/Content/Characters/MannequinsXR/Animations/A_MannequinsXR_Point_Right.uexp" 1191
"C:/Users/maric/OneDrive/Documents/GitHub/Edward_Octohands/Content/Characters/MannequinsXR/Animations/A_MannequinsXR_IndexCurl_Right.uasset" 1192
"C:/Users/maric/OneDrive/Documents/GitHub/Edward_Octohands/Content/Characters/MannequinsXR/Animations/A_MannequinsXR_IndexCurl_Right.m.ubulk" 1193
"C:/Users/maric/OneDrive/Documents/GitHub/Edward_Octohands/Content/Characters/MannequinsXR/Animations/A_MannequinsXR_IndexCurl_Right.uexp" 1194
"C:/Users/maric/OneDrive/Documents/GitHub/Edward_Octohands/Content/Characters/MannequinsXR/Animations/A_MannequinsXR_Idle_Right.uasset" 1195
"C:/Users/maric/OneDrive/Documents/GitHub/Edward_Octohands/Content/Characters/MannequinsXR/Animations/A_MannequinsXR_Idle_Right.m.ubulk" 1196
"C:/Users/maric/OneDrive/Documents/GitHub/Edward_Octohands/Content/Characters/MannequinsXR/Animations/A_MannequinsXR_Idle_Right.uexp" 1197
"C:/Users/maric/OneDrive/Documents/GitHub/Edward_Octohands/Content/Characters/MannequinsXR/Animations/A_MannequinsXR_Grasp_Right.uasset" 1198
"C:/Users/maric/OneDrive/Documents/GitHub/Edward_Octohands/Content/Characters/MannequinsXR/Animations/A_MannequinsXR_Grasp_Right.m.ubulk" 1199
"C:/Users/maric/OneDrive/Documents/GitHub/Edward_Octohands/Content/Characters/MannequinsXR/Animations/A_MannequinsXR_Grasp_Right.uexp" 1200
"C:/Users/maric/OneDrive/Documents/GitHub/Edward_Octohands/Content/Characters/MannequinsXR/Meshes/ABP_MannequinsXR.uasset" 1201
"C:/Users/maric/OneDrive/Documents/GitHub/Edward_Octohands/Content/Characters/MannequinsXR/Meshes/ABP_MannequinsXR.uexp" 1202
"C:/Users/maric/OneDrive/Documents/GitHub/Edward_Octohands/Content/Characters/MannequinsXR/Textures/Manny/T_Manny_02_Tan.ubulk" 1203
"C:/Users/maric/OneDrive/Documents/GitHub/Edward_Octohands/Content/Characters/MannequinsXR/Textures/Manny/T_Manny_02_Tan.uasset" 1204
"C:/Users/maric/OneDrive/Documents/GitHub/Edward_Octohands/Content/Characters/MannequinsXR/Textures/Manny/T_Manny_02_Tan.uexp" 1205
"C:/Users/maric/OneDrive/Documents/GitHub/Edward_Octohands/Content/Characters/MannequinsXR/Textures/Manny/T_Manny_02_N.ubulk" 1206
"C:/Users/maric/OneDrive/Documents/GitHub/Edward_Octohands/Content/Characters/MannequinsXR/Textures/Manny/T_Manny_02_N.uasset" 1207
"C:/Users/maric/OneDrive/Documents/GitHub/Edward_Octohands/Content/Characters/MannequinsXR/Textures/Manny/T_Manny_02_N.uexp" 1208
"C:/Users/maric/OneDrive/Documents/GitHub/Edward_Octohands/Content/Characters/MannequinsXR/Textures/Manny/T_Manny_02_MSR_MSK.ubulk" 1209
"C:/Users/maric/OneDrive/Documents/GitHub/Edward_Octohands/Content/Characters/MannequinsXR/Textures/Manny/T_Manny_02_MSR_MSK.uasset" 1210
"C:/Users/maric/OneDrive/Documents/GitHub/Edward_Octohands/Content/Characters/MannequinsXR/Textures/Manny/T_Manny_02_MSR_MSK.uexp" 1211
"C:/Users/maric/OneDrive/Documents/GitHub/Edward_Octohands/Content/Characters/MannequinsXR/Textures/Manny/T_Manny_02_D.ubulk" 1212
"C:/Users/maric/OneDrive/Documents/GitHub/Edward_Octohands/Content/Characters/MannequinsXR/Textures/Manny/T_Manny_02_D.uasset" 1213
"C:/Users/maric/OneDrive/Documents/GitHub/Edward_Octohands/Content/Characters/MannequinsXR/Textures/Manny/T_Manny_02_D.uexp" 1214
"C:/Users/maric/OneDrive/Documents/GitHub/Edward_Octohands/Content/Characters/MannequinsXR/Textures/Manny/T_Manny_02_CCRCCPlastic_MSK.ubulk" 1215
"C:/Users/maric/OneDrive/Documents/GitHub/Edward_Octohands/Content/Characters/MannequinsXR/Textures/Manny/T_Manny_02_CCRCCPlastic_MSK.uasset" 1216
"C:/Users/maric/OneDrive/Documents/GitHub/Edward_Octohands/Content/Characters/MannequinsXR/Textures/Manny/T_Manny_02_CCRCCPlastic_MSK.uexp" 1217
"C:/Users/maric/OneDrive/Documents/GitHub/Edward_Octohands/Content/Characters/MannequinsXR/Textures/Manny/T_Manny_02_BN.ubulk" 1218
"C:/Users/maric/OneDrive/Documents/GitHub/Edward_Octohands/Content/Characters/MannequinsXR/Textures/Manny/T_Manny_02_BN.uasset" 1219
"C:/Users/maric/OneDrive/Documents/GitHub/Edward_Octohands/Content/Characters/MannequinsXR/Textures/Manny/T_Manny_02_BN.uexp" 1220
"C:/Users/maric/OneDrive/Documents/GitHub/Edward_Octohands/Content/Characters/MannequinsXR/Textures/Manny/T_Manny_02_ASAOPMASK_MSK.ubulk" 1221
"C:/Users/maric/OneDrive/Documents/GitHub/Edward_Octohands/Content/Characters/MannequinsXR/Textures/Manny/T_Manny_02_ASAOPMASK_MSK.uasset" 1222
"C:/Users/maric/OneDrive/Documents/GitHub/Edward_Octohands/Content/Characters/MannequinsXR/Textures/Manny/T_Manny_02_ASAOPMASK_MSK.uexp" 1223
"C:/Users/maric/OneDrive/Documents/GitHub/Edward_Octohands/Content/Characters/MannequinsXR/Textures/Manny/T_Manny_01_Tan.ubulk" 1224
"C:/Users/maric/OneDrive/Documents/GitHub/Edward_Octohands/Content/Characters/MannequinsXR/Textures/Manny/T_Manny_01_Tan.uasset" 1225
"C:/Users/maric/OneDrive/Documents/GitHub/Edward_Octohands/Content/Characters/MannequinsXR/Textures/Manny/T_Manny_01_Tan.uexp" 1226
"C:/Users/maric/OneDrive/Documents/GitHub/Edward_Octohands/Content/Characters/MannequinsXR/Textures/Manny/T_Manny_01_N.ubulk" 1227
"C:/Users/maric/OneDrive/Documents/GitHub/Edward_Octohands/Content/Characters/MannequinsXR/Textures/Manny/T_Manny_01_N.uasset" 1228
"C:/Users/maric/OneDrive/Documents/GitHub/Edward_Octohands/Content/Characters/MannequinsXR/Textures/Manny/T_Manny_01_N.uexp" 1229
"C:/Users/maric/OneDrive/Documents/GitHub/Edward_Octohands/Content/Characters/MannequinsXR/Textures/Manny/T_Manny_01_MSR_MSK.ubulk" 1230
"C:/Users/maric/OneDrive/Documents/GitHub/Edward_Octohands/Content/Characters/MannequinsXR/Textures/Manny/T_Manny_01_MSR_MSK.uasset" 1231
"C:/Users/maric/OneDrive/Documents/GitHub/Edward_Octohands/Content/Characters/MannequinsXR/Textures/Manny/T_Manny_01_MSR_MSK.uexp" 1232
"C:/Users/maric/OneDrive/Documents/GitHub/Edward_Octohands/Content/Characters/MannequinsXR/Textures/Manny/T_Manny_01_D.ubulk" 1233
"C:/Users/maric/OneDrive/Documents/GitHub/Edward_Octohands/Content/Characters/MannequinsXR/Textures/Manny/T_Manny_01_D.uasset" 1234
"C:/Users/maric/OneDrive/Documents/GitHub/Edward_Octohands/Content/Characters/MannequinsXR/Textures/Manny/T_Manny_01_D.uexp" 1235
"C:/Users/maric/OneDrive/Documents/GitHub/Edward_Octohands/Content/Characters/MannequinsXR/Textures/Manny/T_Manny_01_CCRCCPlastic_MSK.ubulk" 1236
"C:/Users/maric/OneDrive/Documents/GitHub/Edward_Octohands/Content/Characters/MannequinsXR/Textures/Manny/T_Manny_01_CCRCCPlastic_MSK.uasset" 1237
"C:/Users/maric/OneDrive/Documents/GitHub/Edward_Octohands/Content/Characters/MannequinsXR/Textures/Manny/T_Manny_01_CCRCCPlastic_MSK.uexp" 1238
"C:/Users/maric/OneDrive/Documents/GitHub/Edward_Octohands/Content/Characters/MannequinsXR/Textures/Manny/T_Manny_01_BN.ubulk" 1239
"C:/Users/maric/OneDrive/Documents/GitHub/Edward_Octohands/Content/Characters/MannequinsXR/Textures/Manny/T_Manny_01_BN.uasset" 1240
"C:/Users/maric/OneDrive/Documents/GitHub/Edward_Octohands/Content/Characters/MannequinsXR/Textures/Manny/T_Manny_01_BN.uexp" 1241
"C:/Users/maric/OneDrive/Documents/GitHub/Edward_Octohands/Content/Characters/MannequinsXR/Textures/Manny/T_Manny_01_ASAOPMASK_MSK.ubulk" 1242
"C:/Users/maric/OneDrive/Documents/GitHub/Edward_Octohands/Content/Characters/MannequinsXR/Textures/Manny/T_Manny_01_ASAOPMASK_MSK.uasset" 1243
"C:/Users/maric/OneDrive/Documents/GitHub/Edward_Octohands/Content/Characters/MannequinsXR/Textures/Manny/T_Manny_01_ASAOPMASK_MSK.uexp" 1244
"C:/Users/maric/OneDrive/Documents/GitHub/Edward_Octohands/Content/Characters/MannequinsXR/Materials/Functions/ML_BaseColorFallOff.uasset" 1245
"C:/Users/maric/OneDrive/Documents/GitHub/Edward_Octohands/Content/Characters/MannequinsXR/Materials/Functions/ML_BaseColorFallOff.uexp" 1246
"C:/Users/maric/OneDrive/Documents/GitHub/Edward_Octohands/Content/Characters/MannequinsXR/Textures/Shared/T_UE_Logo_M.uasset" 1247
"C:/Users/maric/OneDrive/Documents/GitHub/Edward_Octohands/Content/Characters/MannequinsXR/Textures/Shared/T_UE_Logo_M.uexp" 1248
"C:/Users/maric/OneDrive/Documents/GitHub/Edward_Octohands/Content/Characters/MannequinsXR/Materials/Functions/MF_logo3layers.uasset" 1249
"C:/Users/maric/OneDrive/Documents/GitHub/Edward_Octohands/Content/Characters/MannequinsXR/Materials/Functions/MF_logo3layers.uexp" 1250
"C:/Users/maric/OneDrive/Documents/GitHub/Edward_Octohands/Content/Characters/MannequinsXR/Materials/Functions/ChromaticCurve.uasset" 1251
"C:/Users/maric/OneDrive/Documents/GitHub/Edward_Octohands/Content/Characters/MannequinsXR/Materials/Functions/ChromaticCurve.uexp" 1252
"C:/Users/maric/OneDrive/Documents/GitHub/Edward_Octohands/Content/Characters/MannequinsXR/Materials/Functions/CA_Mannequin.uasset" 1253
"C:/Users/maric/OneDrive/Documents/GitHub/Edward_Octohands/Content/Characters/MannequinsXR/Materials/Functions/CA_Mannequin.uexp" 1254
"C:/Users/maric/OneDrive/Documents/GitHub/Edward_Octohands/Content/Characters/MannequinsXR/Materials/Functions/MF_Diffraction.uasset" 1255
"C:/Users/maric/OneDrive/Documents/GitHub/Edward_Octohands/Content/Characters/MannequinsXR/Materials/Functions/MF_Diffraction.uexp" 1256
"C:/Users/maric/OneDrive/Documents/GitHub/Edward_Octohands/Content/Characters/MannequinsXR/Materials/M_Mannequin.uasset" 1257
"C:/Users/maric/OneDrive/Documents/GitHub/Edward_Octohands/Content/Characters/MannequinsXR/Materials/M_Mannequin.uexp" 1258
"C:/Users/maric/OneDrive/Documents/GitHub/Edward_Octohands/Content/Characters/MannequinsXR/Materials/Instances/Manny/MI_Manny_01.uasset" 1259
"C:/Users/maric/OneDrive/Documents/GitHub/Edward_Octohands/Content/Characters/MannequinsXR/Materials/Instances/Manny/MI_Manny_01.uexp" 1260
"C:/Users/maric/OneDrive/Documents/GitHub/Edward_Octohands/Content/Characters/MannequinsXR/Materials/Instances/Manny/MI_Manny_02.uasset" 1261
"C:/Users/maric/OneDrive/Documents/GitHub/Edward_Octohands/Content/Characters/MannequinsXR/Materials/Instances/Manny/MI_Manny_02.uexp" 1262
"C:/Users/maric/OneDrive/Documents/GitHub/Edward_Octohands/Content/Characters/MannequinsXR/Meshes/SKM_MannyXR_left.uasset" 1263
"C:/Users/maric/OneDrive/Documents/GitHub/Edward_Octohands/Content/Characters/MannequinsXR/Meshes/SKM_MannyXR_left.uexp" 1264
"C:/Users/maric/OneDrive/Documents/GitHub/Edward_Octohands/Content/Characters/MannequinsXR/B_MannequinsXR.uasset" 1265
"C:/Users/maric/OneDrive/Documents/GitHub/Edward_Octohands/Content/Characters/MannequinsXR/B_MannequinsXR.uexp" 1266
"C:/Users/maric/OneDrive/Documents/GitHub/Edward_Octohands/Content/Characters/MannequinsXR/Meshes/SKM_MannyXR_right.uasset" 1267
"C:/Users/maric/OneDrive/Documents/GitHub/Edward_Octohands/Content/Characters/MannequinsXR/Meshes/SKM_MannyXR_right.uexp" 1268
"C:/Users/maric/OneDrive/Documents/GitHub/Edward_Octohands/Content/VRTemplate/Blueprints/VRPawn.uasset" 1269
"C:/Users/maric/OneDrive/Documents/GitHub/Edward_Octohands/Content/VRTemplate/Blueprints/VRPawn.uexp" 1270
"C:/Users/maric/OneDrive/Documents/GitHub/Edward_Octohands/Content/VRTemplate/Blueprints/VRGameMode.uasset" 1271
"C:/Users/maric/OneDrive/Documents/GitHub/Edward_Octohands/Content/VRTemplate/Blueprints/VRGameMode.uexp" 1272
"C:/Users/maric/OneDrive/Documents/GitHub/Edward_Octohands/Content/Winter_in_the_Hinterland/mat23.uasset" 1273
"C:/Users/maric/OneDrive/Documents/GitHub/Edward_Octohands/Content/Winter_in_the_Hinterland/mat23.uexp" 1274
"C:/Users/maric/OneDrive/Documents/GitHub/Edward_Octohands/Content/VRTemplate/Materials/MI_Grid_Default.uasset" 1275
"C:/Users/maric/OneDrive/Documents/GitHub/Edward_Octohands/Content/VRTemplate/Materials/MI_Grid_Default.uexp" 1276
"C:/Users/maric/OneDrive/Documents/GitHub/Edward_Octohands/Content/Maps/LevelTwo_BuiltData.ubulk" 1277
"C:/Users/maric/OneDrive/Documents/GitHub/Edward_Octohands/Content/Maps/LevelTwo_BuiltData.uasset" 1278
"C:/Users/maric/OneDrive/Documents/GitHub/Edward_Octohands/Content/Maps/LevelTwo_BuiltData.uexp" 1279
"C:/Users/maric/OneDrive/Documents/GitHub/Edward_Octohands/Content/VRTemplate/Haptics/PistolFireHapticEffect.uasset" 1280
"C:/Users/maric/OneDrive/Documents/GitHub/Edward_Octohands/Content/VRTemplate/Haptics/PistolFireHapticEffect.uexp" 1281
"C:/Users/maric/OneDrive/Documents/GitHub/Edward_Octohands/Content/Fish_Bones/greyLight.uasset" 1282
"C:/Users/maric/OneDrive/Documents/GitHub/Edward_Octohands/Content/Fish_Bones/greyLight.uexp" 1283
"C:/Users/maric/OneDrive/Documents/GitHub/Edward_Octohands/Content/Fish_Bones/fishBones.ubulk" 1284
"C:/Users/maric/OneDrive/Documents/GitHub/Edward_Octohands/Content/Fish_Bones/fishBones.uasset" 1285
"C:/Users/maric/OneDrive/Documents/GitHub/Edward_Octohands/Content/Fish_Bones/fishBones.uexp" 1286
"C:/Users/maric/OneDrive/Documents/GitHub/Edward_Octohands/Content/VRTemplate/Blueprints/Projectile.uasset" 1287
"C:/Users/maric/OneDrive/Documents/GitHub/Edward_Octohands/Content/VRTemplate/Blueprints/Projectile.uexp" 1288
"C:/Users/maric/OneDrive/Documents/GitHub/Edward_Octohands/Content/Audio/GunShot.ubulk" 1289
"C:/Users/maric/OneDrive/Documents/GitHub/Edward_Octohands/Content/Audio/GunShot.uasset" 1290
"C:/Users/maric/OneDrive/Documents/GitHub/Edward_Octohands/Content/Audio/GunShot.uexp" 1291
"C:/Users/maric/OneDrive/Documents/GitHub/Edward_Octohands/Content/BluePrints/BP_OctoShoot.uasset" 1292
"C:/Users/maric/OneDrive/Documents/GitHub/Edward_Octohands/Content/BluePrints/BP_OctoShoot.uexp" 1293
"C:/Users/maric/OneDrive/Documents/GitHub/Edward_Octohands/Content/Winter_in_the_Hinterland/mat9.uasset" 1294
"C:/Users/maric/OneDrive/Documents/GitHub/Edward_Octohands/Content/Winter_in_the_Hinterland/mat9.uexp" 1295
"C:/Users/maric/OneDrive/Documents/GitHub/Edward_Octohands/Content/Winter_in_the_Hinterland/mat8.uasset" 1296
"C:/Users/maric/OneDrive/Documents/GitHub/Edward_Octohands/Content/Winter_in_the_Hinterland/mat8.uexp" 1297
"C:/Users/maric/OneDrive/Documents/GitHub/Edward_Octohands/Content/Winter_in_the_Hinterland/mat5.uasset" 1298
"C:/Users/maric/OneDrive/Documents/GitHub/Edward_Octohands/Content/Winter_in_the_Hinterland/mat5.uexp" 1299
"C:/Users/maric/OneDrive/Documents/GitHub/Edward_Octohands/Content/Winter_in_the_Hinterland/mat4.uasset" 1300
"C:/Users/maric/OneDrive/Documents/GitHub/Edward_Octohands/Content/Winter_in_the_Hinterland/mat4.uexp" 1301
"C:/Users/maric/OneDrive/Documents/GitHub/Edward_Octohands/Content/Winter_in_the_Hinterland/mat3.uasset" 1302
"C:/Users/maric/OneDrive/Documents/GitHub/Edward_Octohands/Content/Winter_in_the_Hinterland/mat3.uexp" 1303
"C:/Users/maric/OneDrive/Documents/GitHub/Edward_Octohands/Content/Winter_in_the_Hinterland/mat24.uasset" 1304
"C:/Users/maric/OneDrive/Documents/GitHub/Edward_Octohands/Content/Winter_in_the_Hinterland/mat24.uexp" 1305
"C:/Users/maric/OneDrive/Documents/GitHub/Edward_Octohands/Content/Winter_in_the_Hinterland/mat22.uasset" 1306
"C:/Users/maric/OneDrive/Documents/GitHub/Edward_Octohands/Content/Winter_in_the_Hinterland/mat22.uexp" 1307
"C:/Users/maric/OneDrive/Documents/GitHub/Edward_Octohands/Content/Winter_in_the_Hinterland/mat21.uasset" 1308
"C:/Users/maric/OneDrive/Documents/GitHub/Edward_Octohands/Content/Winter_in_the_Hinterland/mat21.uexp" 1309
"C:/Users/maric/OneDrive/Documents/GitHub/Edward_Octohands/Content/Winter_in_the_Hinterland/mat20.uasset" 1310
"C:/Users/maric/OneDrive/Documents/GitHub/Edward_Octohands/Content/Winter_in_the_Hinterland/mat20.uexp" 1311
"C:/Users/maric/OneDrive/Documents/GitHub/Edward_Octohands/Content/Winter_in_the_Hinterland/mat19.uasset" 1312
"C:/Users/maric/OneDrive/Documents/GitHub/Edward_Octohands/Content/Winter_in_the_Hinterland/mat19.uexp" 1313
"C:/Users/maric/OneDrive/Documents/GitHub/Edward_Octohands/Content/Winter_in_the_Hinterland/mat18.uasset" 1314
"C:/Users/maric/OneDrive/Documents/GitHub/Edward_Octohands/Content/Winter_in_the_Hinterland/mat18.uexp" 1315
"C:/Users/maric/OneDrive/Documents/GitHub/Edward_Octohands/Content/Winter_in_the_Hinterland/mat17.uasset" 1316
"C:/Users/maric/OneDrive/Documents/GitHub/Edward_Octohands/Content/Winter_in_the_Hinterland/mat17.uexp" 1317
"C:/Users/maric/OneDrive/Documents/GitHub/Edward_Octohands/Content/Winter_in_the_Hinterland/mat16.uasset" 1318
"C:/Users/maric/OneDrive/Documents/GitHub/Edward_Octohands/Content/Winter_in_the_Hinterland/mat16.uexp" 1319
"C:/Users/maric/OneDrive/Documents/GitHub/Edward_Octohands/Content/Winter_in_the_Hinterland/mat15.uasset" 1320
"C:/Users/maric/OneDrive/Documents/GitHub/Edward_Octohands/Content/Winter_in_the_Hinterland/mat15.uexp" 1321
"C:/Users/maric/OneDrive/Documents/GitHub/Edward_Octohands/Content/Winter_in_the_Hinterland/mat13.uasset" 1322
"C:/Users/maric/OneDrive/Documents/GitHub/Edward_Octohands/Content/Winter_in_the_Hinterland/mat13.uexp" 1323
"C:/Users/maric/OneDrive/Documents/GitHub/Edward_Octohands/Content/Winter_in_the_Hinterland/mat12.uasset" 1324
"C:/Users/maric/OneDrive/Documents/GitHub/Edward_Octohands/Content/Winter_in_the_Hinterland/mat12.uexp" 1325
"C:/Users/maric/OneDrive/Documents/GitHub/Edward_Octohands/Content/Winter_in_the_Hinterland/mat10.uasset" 1326
"C:/Users/maric/OneDrive/Documents/GitHub/Edward_Octohands/Content/Winter_in_the_Hinterland/mat10.uexp" 1327
"C:/Users/maric/OneDrive/Documents/GitHub/Edward_Octohands/Content/Winter_in_the_Hinterland/model.ubulk" 1328
"C:/Users/maric/OneDrive/Documents/GitHub/Edward_Octohands/Content/Winter_in_the_Hinterland/model.uasset" 1329
"C:/Users/maric/OneDrive/Documents/GitHub/Edward_Octohands/Content/Winter_in_the_Hinterland/model.uexp" 1330
"C:/Users/maric/OneDrive/Documents/GitHub/Edward_Octohands/Content/BluePrints/BP_LevelTransition.uasset" 1331
"C:/Users/maric/OneDrive/Documents/GitHub/Edward_Octohands/Content/BluePrints/BP_LevelTransition.uexp" 1332
"C:/Users/maric/OneDrive/Documents/GitHub/Edward_Octohands/Content/Octopus/FF5724.uasset" 1333
"C:/Users/maric/OneDrive/Documents/GitHub/Edward_Octohands/Content/Octopus/FF5724.uexp" 1334
"C:/Users/maric/OneDrive/Documents/GitHub/Edward_Octohands/Content/BluePrints/BP_OctoGrapple.uasset" 1335
"C:/Users/maric/OneDrive/Documents/GitHub/Edward_Octohands/Content/BluePrints/BP_OctoGrapple.uexp" 1336
"C:/Users/maric/OneDrive/Documents/GitHub/Edward_Octohands/Content/Wooden_Target/target1_target1_t2_Normal.ubulk" 1337
"C:/Users/maric/OneDrive/Documents/GitHub/Edward_Octohands/Content/Wooden_Target/target1_target1_t2_Normal.uasset" 1338
"C:/Users/maric/OneDrive/Documents/GitHub/Edward_Octohands/Content/Wooden_Target/target1_target1_t2_Normal.uexp" 1339
"C:/Users/maric/OneDrive/Documents/GitHub/Edward_Octohands/Content/Wooden_Target/target1_target1_t2_BaseColor.ubulk" 1340
"C:/Users/maric/OneDrive/Documents/GitHub/Edward_Octohands/Content/Wooden_Target/target1_target1_t2_BaseColor.uasset" 1341
"C:/Users/maric/OneDrive/Documents/GitHub/Edward_Octohands/Content/Wooden_Target/target1_target1_t2_BaseColor.uexp" 1342
"../../../Engine/Content/Functions/Engine_MaterialFunctions02/Texturing/CustomRotator.uasset" 1343
"../../../Engine/Content/Functions/Engine_MaterialFunctions02/Texturing/CustomRotator.uexp" 1344
"C:/Users/maric/OneDrive/Documents/GitHub/Edward_Octohands/Content/Wooden_Target/T_srgb_Black.ubulk" 1345
"C:/Users/maric/OneDrive/Documents/GitHub/Edward_Octohands/Content/Wooden_Target/T_srgb_Black.uasset" 1346
"C:/Users/maric/OneDrive/Documents/GitHub/Edward_Octohands/Content/Wooden_Target/T_srgb_Black.uexp" 1347
"C:/Users/maric/OneDrive/Documents/GitHub/Edward_Octohands/Content/Wooden_Target/T_Normal.ubulk" 1348
"C:/Users/maric/OneDrive/Documents/GitHub/Edward_Octohands/Content/Wooden_Target/T_Normal.uasset" 1349
"C:/Users/maric/OneDrive/Documents/GitHub/Edward_Octohands/Content/Wooden_Target/T_Normal.uexp" 1350
"C:/Users/maric/OneDrive/Documents/GitHub/Edward_Octohands/Content/Wooden_Target/T_Alpha_Grey.ubulk" 1351
"C:/Users/maric/OneDrive/Documents/GitHub/Edward_Octohands/Content/Wooden_Target/T_Alpha_Grey.uasset" 1352
"C:/Users/maric/OneDrive/Documents/GitHub/Edward_Octohands/Content/Wooden_Target/T_Alpha_Grey.uexp" 1353
"C:/Users/maric/OneDrive/Documents/GitHub/Edward_Octohands/Content/Wooden_Target/T_Alpha_Black.ubulk" 1354
"C:/Users/maric/OneDrive/Documents/GitHub/Edward_Octohands/Content/Wooden_Target/T_Alpha_Black.uasset" 1355
"C:/Users/maric/OneDrive/Documents/GitHub/Edward_Octohands/Content/Wooden_Target/T_Alpha_Black.uexp" 1356
"C:/Users/maric/OneDrive/Documents/GitHub/Edward_Octohands/Content/Wooden_Target/MF_Tiling.uasset" 1357
"C:/Users/maric/OneDrive/Documents/GitHub/Edward_Octohands/Content/Wooden_Target/MF_Tiling.uexp" 1358
"C:/Users/maric/OneDrive/Documents/GitHub/Edward_Octohands/Content/Wooden_Target/MF_MapAdjustments.uasset" 1359
"C:/Users/maric/OneDrive/Documents/GitHub/Edward_Octohands/Content/Wooden_Target/MF_MapAdjustments.uexp" 1360
"C:/Users/maric/OneDrive/Documents/GitHub/Edward_Octohands/Content/Wooden_Target/MF_Emissive.uasset" 1361
"C:/Users/maric/OneDrive/Documents/GitHub/Edward_Octohands/Content/Wooden_Target/MF_Emissive.uexp" 1362
"C:/Users/maric/OneDrive/Documents/GitHub/Edward_Octohands/Content/Wooden_Target/MF_DetailNormalTiling.uasset" 1363
"C:/Users/maric/OneDrive/Documents/GitHub/Edward_Octohands/Content/Wooden_Target/MF_DetailNormalTiling.uexp" 1364
"C:/Users/maric/OneDrive/Documents/GitHub/Edward_Octohands/Content/Wooden_Target/MS_DefaultMaterial.uasset" 1365
"C:/Users/maric/OneDrive/Documents/GitHub/Edward_Octohands/Content/Wooden_Target/MS_DefaultMaterial.uexp" 1366
"C:/Users/maric/OneDrive/Documents/GitHub/Edward_Octohands/Content/Wooden_Target/target1_target1_t2.uasset" 1367
"C:/Users/maric/OneDrive/Documents/GitHub/Edward_Octohands/Content/Wooden_Target/target1_target1_t2.uexp" 1368
"C:/Users/maric/OneDrive/Documents/GitHub/Edward_Octohands/Content/Wooden_Target/target1v1.ubulk" 1369
"C:/Users/maric/OneDrive/Documents/GitHub/Edward_Octohands/Content/Wooden_Target/target1v1.uasset" 1370
"C:/Users/maric/OneDrive/Documents/GitHub/Edward_Octohands/Content/Wooden_Target/target1v1.uexp" 1371
"C:/Users/maric/OneDrive/Documents/GitHub/Edward_Octohands/Content/BluePrints/BP_Target.uasset" 1372
"C:/Users/maric/OneDrive/Documents/GitHub/Edward_Octohands/Content/BluePrints/BP_Target.uexp" 1373
"../../../Engine/Content/BasicShapes/Plane.ubulk" 1374
"../../../Engine/Content/BasicShapes/Plane.uasset" 1375
"../../../Engine/Content/BasicShapes/Plane.uexp" 1376
"../../../Engine/Content/Functions/Engine_MaterialFunctions01/Texturing/ComputeMipLevel.uasset" 1377
"../../../Engine/Content/Functions/Engine_MaterialFunctions01/Texturing/ComputeMipLevel.uexp" 1378
"../../../Engine/Content/Functions/Engine_MaterialFunctions02/ExampleContent/Textures/DebugNumberPeriod.uasset" 1379
"../../../Engine/Content/Functions/Engine_MaterialFunctions02/ExampleContent/Textures/DebugNumberPeriod.uexp" 1380
"../../../Engine/Content/Functions/Engine_MaterialFunctions02/Utility/DebugScalarValues.uasset" 1381
"../../../Engine/Content/Functions/Engine_MaterialFunctions02/Utility/DebugScalarValues.uexp" 1382
"../../../Engine/Content/Functions/Engine_MaterialFunctions02/Utility/DebugFloat3Values.uasset" 1383
"../../../Engine/Content/Functions/Engine_MaterialFunctions02/Utility/DebugFloat3Values.uexp" 1384
"../../../Engine/Content/Functions/Engine_MaterialFunctions02/Math/RGBtoHSV.uasset" 1385
"../../../Engine/Content/Functions/Engine_MaterialFunctions02/Math/RGBtoHSV.uexp" 1386
"C:/Users/maric/OneDrive/Documents/GitHub/Edward_Octohands/Content/GoodSky/Resource/Textures/T_GoodSky_clouds_F.ubulk" 1387
"C:/Users/maric/OneDrive/Documents/GitHub/Edward_Octohands/Content/GoodSky/Resource/Textures/T_GoodSky_clouds_F.uasset" 1388
"C:/Users/maric/OneDrive/Documents/GitHub/Edward_Octohands/Content/GoodSky/Resource/Textures/T_GoodSky_clouds_F.uexp" 1389
"C:/Users/maric/OneDrive/Documents/GitHub/Edward_Octohands/Content/GoodSky/Resource/Textures/T_GoodSky_Lightning.ubulk" 1390
"C:/Users/maric/OneDrive/Documents/GitHub/Edward_Octohands/Content/GoodSky/Resource/Textures/T_GoodSky_Lightning.uasset" 1391
"C:/Users/maric/OneDrive/Documents/GitHub/Edward_Octohands/Content/GoodSky/Resource/Textures/T_GoodSky_Lightning.uexp" 1392
"C:/Users/maric/OneDrive/Documents/GitHub/Edward_Octohands/Content/GoodSky/Resource/Textures/T_GoodSky_noise_smooth.ubulk" 1393
"C:/Users/maric/OneDrive/Documents/GitHub/Edward_Octohands/Content/GoodSky/Resource/Textures/T_GoodSky_noise_smooth.uasset" 1394
"C:/Users/maric/OneDrive/Documents/GitHub/Edward_Octohands/Content/GoodSky/Resource/Textures/T_GoodSky_noise_smooth.uexp" 1395
"C:/Users/maric/OneDrive/Documents/GitHub/Edward_Octohands/Content/GoodSky/Resource/Materials/Material_Function/MF_GoodSky_Top_Part_Alpha.uasset" 1396
"C:/Users/maric/OneDrive/Documents/GitHub/Edward_Octohands/Content/GoodSky/Resource/Materials/Material_Function/MF_GoodSky_Top_Part_Alpha.uexp" 1397
"C:/Users/maric/OneDrive/Documents/GitHub/Edward_Octohands/Content/GoodSky/Resource/Materials/Material_Function/MF_GoodSky_Time.uasset" 1398
"C:/Users/maric/OneDrive/Documents/GitHub/Edward_Octohands/Content/GoodSky/Resource/Materials/Material_Function/MF_GoodSky_Time.uexp" 1399
"C:/Users/maric/OneDrive/Documents/GitHub/Edward_Octohands/Content/GoodSky/Resource/Materials/Material_Function/MF_GoodSky_SkyDomeAlpha.uasset" 1400
"C:/Users/maric/OneDrive/Documents/GitHub/Edward_Octohands/Content/GoodSky/Resource/Materials/Material_Function/MF_GoodSky_SkyDomeAlpha.uexp" 1401
"C:/Users/maric/OneDrive/Documents/GitHub/Edward_Octohands/Content/GoodSky/Resource/Materials/Material_Function/MF_GoodSky_Global_Setting.uasset" 1402
"C:/Users/maric/OneDrive/Documents/GitHub/Edward_Octohands/Content/GoodSky/Resource/Materials/Material_Function/MF_GoodSky_Global_Setting.uexp" 1403
"C:/Users/maric/OneDrive/Documents/GitHub/Edward_Octohands/Content/GoodSky/Resource/Textures/T_GoodSky_clouds_B.ubulk" 1404
"C:/Users/maric/OneDrive/Documents/GitHub/Edward_Octohands/Content/GoodSky/Resource/Textures/T_GoodSky_clouds_B.uasset" 1405
"C:/Users/maric/OneDrive/Documents/GitHub/Edward_Octohands/Content/GoodSky/Resource/Textures/T_GoodSky_clouds_B.uexp" 1406
"C:/Users/maric/OneDrive/Documents/GitHub/Edward_Octohands/Content/GoodSky/Resource/Textures/T_GoodSky_clouds_sphere.uasset" 1407
"C:/Users/maric/OneDrive/Documents/GitHub/Edward_Octohands/Content/GoodSky/Resource/Textures/T_GoodSky_clouds_sphere.uexp" 1408
"C:/Users/maric/OneDrive/Documents/GitHub/Edward_Octohands/Content/GoodSky/Resource/Textures/T_GoodSky_clouds_A.ubulk" 1409
"C:/Users/maric/OneDrive/Documents/GitHub/Edward_Octohands/Content/GoodSky/Resource/Textures/T_GoodSky_clouds_A.uasset" 1410
"C:/Users/maric/OneDrive/Documents/GitHub/Edward_Octohands/Content/GoodSky/Resource/Textures/T_GoodSky_clouds_A.uexp" 1411
"C:/Users/maric/OneDrive/Documents/GitHub/Edward_Octohands/Content/GoodSky/Resource/Materials/Material_Function/MF_GoodSky_Clouds_Setting.uasset" 1412
"C:/Users/maric/OneDrive/Documents/GitHub/Edward_Octohands/Content/GoodSky/Resource/Materials/Material_Function/MF_GoodSky_Clouds_Setting.uexp" 1413
"../../../Engine/Content/Functions/Engine_MaterialFunctions01/Texturing/ScaleUVsAroundPoint.uasset" 1414
"../../../Engine/Content/Functions/Engine_MaterialFunctions01/Texturing/ScaleUVsAroundPoint.uexp" 1415
"../../../Engine/Content/Functions/Engine_MaterialFunctions01/ImageAdjustment/DeriveHDRfromLDR.uasset" 1416
"../../../Engine/Content/Functions/Engine_MaterialFunctions01/ImageAdjustment/DeriveHDRfromLDR.uexp" 1417
"C:/Users/maric/OneDrive/Documents/GitHub/Edward_Octohands/Content/GoodSky/Resource/Materials/Material_Function/MF_GoodSky_LightningFlick.uasset" 1418
"C:/Users/maric/OneDrive/Documents/GitHub/Edward_Octohands/Content/GoodSky/Resource/Materials/Material_Function/MF_GoodSky_LightningFlick.uexp" 1419
"C:/Users/maric/OneDrive/Documents/GitHub/Edward_Octohands/Content/GoodSky/Resource/Materials/M_GoodSky_Storm.uasset" 1420
"C:/Users/maric/OneDrive/Documents/GitHub/Edward_Octohands/Content/GoodSky/Resource/Materials/M_GoodSky_Storm.uexp" 1421
"C:/Users/maric/OneDrive/Documents/GitHub/Edward_Octohands/Content/GoodSky/Resource/Textures/T_GoodSky_clouds_E.ubulk" 1422
"C:/Users/maric/OneDrive/Documents/GitHub/Edward_Octohands/Content/GoodSky/Resource/Textures/T_GoodSky_clouds_E.uasset" 1423
"C:/Users/maric/OneDrive/Documents/GitHub/Edward_Octohands/Content/GoodSky/Resource/Textures/T_GoodSky_clouds_E.uexp" 1424
"C:/Users/maric/OneDrive/Documents/GitHub/Edward_Octohands/Content/GoodSky/Resource/Data/Enum/Enum_GoodSky_Preset.uasset" 1425
"C:/Users/maric/OneDrive/Documents/GitHub/Edward_Octohands/Content/GoodSky/Resource/Data/Enum/Enum_GoodSky_Preset.uexp" 1426
"C:/Users/maric/OneDrive/Documents/GitHub/Edward_Octohands/Content/GoodSky/Resource/Data/Enum/Enum_GoodSky_Style_Clouds.uasset" 1427
"C:/Users/maric/OneDrive/Documents/GitHub/Edward_Octohands/Content/GoodSky/Resource/Data/Enum/Enum_GoodSky_Style_Clouds.uexp" 1428
"C:/Users/maric/OneDrive/Documents/GitHub/Edward_Octohands/Content/GoodSky/Resource/Textures/T_GoodSky_clouds_D.ubulk" 1429
"C:/Users/maric/OneDrive/Documents/GitHub/Edward_Octohands/Content/GoodSky/Resource/Textures/T_GoodSky_clouds_D.uasset" 1430
"C:/Users/maric/OneDrive/Documents/GitHub/Edward_Octohands/Content/GoodSky/Resource/Textures/T_GoodSky_clouds_D.uexp" 1431
"C:/Users/maric/OneDrive/Documents/GitHub/Edward_Octohands/Content/GoodSky/Resource/Textures/T_GoodSky_Stars.ubulk" 1432
"C:/Users/maric/OneDrive/Documents/GitHub/Edward_Octohands/Content/GoodSky/Resource/Textures/T_GoodSky_Stars.uasset" 1433
"C:/Users/maric/OneDrive/Documents/GitHub/Edward_Octohands/Content/GoodSky/Resource/Textures/T_GoodSky_Stars.uexp" 1434
"C:/Users/maric/OneDrive/Documents/GitHub/Edward_Octohands/Content/GoodSky/Resource/Materials/M_GoodSky_Sun_Stars.uasset" 1435
"C:/Users/maric/OneDrive/Documents/GitHub/Edward_Octohands/Content/GoodSky/Resource/Materials/M_GoodSky_Sun_Stars.uexp" 1436
"C:/Users/maric/OneDrive/Documents/GitHub/Edward_Octohands/Content/GoodSky/Resource/Data/Enum/Enum_GoodSky_MeshType.uasset" 1437
"C:/Users/maric/OneDrive/Documents/GitHub/Edward_Octohands/Content/GoodSky/Resource/Data/Enum/Enum_GoodSky_MeshType.uexp" 1438
"C:/Users/maric/OneDrive/Documents/GitHub/Edward_Octohands/Content/GoodSky/Resource/Data/Enum/Enum_GoodSky_Clouds_Coverage.uasset" 1439
"C:/Users/maric/OneDrive/Documents/GitHub/Edward_Octohands/Content/GoodSky/Resource/Data/Enum/Enum_GoodSky_Clouds_Coverage.uexp" 1440
"C:/Users/maric/OneDrive/Documents/GitHub/Edward_Octohands/Content/GoodSky/Resource/Data/Enum/Enum_GoodSky_Effects.uasset" 1441
"C:/Users/maric/OneDrive/Documents/GitHub/Edward_Octohands/Content/GoodSky/Resource/Data/Enum/Enum_GoodSky_Effects.uexp" 1442
"C:/Users/maric/OneDrive/Documents/GitHub/Edward_Octohands/Content/GoodSky/Resource/Textures/T_GoodSky_clouds_C.ubulk" 1443
"C:/Users/maric/OneDrive/Documents/GitHub/Edward_Octohands/Content/GoodSky/Resource/Textures/T_GoodSky_clouds_C.uasset" 1444
"C:/Users/maric/OneDrive/Documents/GitHub/Edward_Octohands/Content/GoodSky/Resource/Textures/T_GoodSky_clouds_C.uexp" 1445
"C:/Users/maric/OneDrive/Documents/GitHub/Edward_Octohands/Content/GoodSky/Resource/Materials/M_GoodSky_Base.uasset" 1446
"C:/Users/maric/OneDrive/Documents/GitHub/Edward_Octohands/Content/GoodSky/Resource/Materials/M_GoodSky_Base.uexp" 1447
"C:/Users/maric/OneDrive/Documents/GitHub/Edward_Octohands/Content/GoodSky/Resource/Mesh/SM_GoodSky_Sphere.ubulk" 1448
"C:/Users/maric/OneDrive/Documents/GitHub/Edward_Octohands/Content/GoodSky/Resource/Mesh/SM_GoodSky_Sphere.uasset" 1449
"C:/Users/maric/OneDrive/Documents/GitHub/Edward_Octohands/Content/GoodSky/Resource/Mesh/SM_GoodSky_Sphere.uexp" 1450
"C:/Users/maric/OneDrive/Documents/GitHub/Edward_Octohands/Content/GoodSky/Resource/Mesh/SM_GoodSky_Hemisphere.ubulk" 1451
"C:/Users/maric/OneDrive/Documents/GitHub/Edward_Octohands/Content/GoodSky/Resource/Mesh/SM_GoodSky_Hemisphere.uasset" 1452
"C:/Users/maric/OneDrive/Documents/GitHub/Edward_Octohands/Content/GoodSky/Resource/Mesh/SM_GoodSky_Hemisphere.uexp" 1453
"../../../Engine/Content/Functions/Engine_MaterialFunctions01/Density/ExponentialDensity.uasset" 1454
"../../../Engine/Content/Functions/Engine_MaterialFunctions01/Density/ExponentialDensity.uexp" 1455
"../../../Engine/Content/Functions/Engine_MaterialFunctions01/Gradient/RadialGradientExponential.uasset" 1456
"../../../Engine/Content/Functions/Engine_MaterialFunctions01/Gradient/RadialGradientExponential.uexp" 1457
"C:/Users/maric/OneDrive/Documents/GitHub/Edward_Octohands/Content/GoodSky/Resource/Textures/T_GoodSky_Moon.uasset" 1458
"C:/Users/maric/OneDrive/Documents/GitHub/Edward_Octohands/Content/GoodSky/Resource/Textures/T_GoodSky_Moon.uexp" 1459
"C:/Users/maric/OneDrive/Documents/GitHub/Edward_Octohands/Content/GoodSky/Resource/Materials/Material_Function/MF_GoodSky_Moon_Setting.uasset" 1460
"C:/Users/maric/OneDrive/Documents/GitHub/Edward_Octohands/Content/GoodSky/Resource/Materials/Material_Function/MF_GoodSky_Moon_Setting.uexp" 1461
"C:/Users/maric/OneDrive/Documents/GitHub/Edward_Octohands/Content/GoodSky/Resource/Materials/M_GoodSky_Sun_Stars_Moon.uasset" 1462
"C:/Users/maric/OneDrive/Documents/GitHub/Edward_Octohands/Content/GoodSky/Resource/Materials/M_GoodSky_Sun_Stars_Moon.uexp" 1463
"C:/Users/maric/OneDrive/Documents/GitHub/Edward_Octohands/Content/GoodSky/Resource/Materials/M_GoodSky_Moon.uasset" 1464
"C:/Users/maric/OneDrive/Documents/GitHub/Edward_Octohands/Content/GoodSky/Resource/Materials/M_GoodSky_Moon.uexp" 1465
"C:/Users/maric/OneDrive/Documents/GitHub/Edward_Octohands/Content/GoodSky/Resource/Data/Structure/Structure_GoodSky.uasset" 1466
"C:/Users/maric/OneDrive/Documents/GitHub/Edward_Octohands/Content/GoodSky/Resource/Data/Structure/Structure_GoodSky.uexp" 1467
"C:/Users/maric/OneDrive/Documents/GitHub/Edward_Octohands/Content/GoodSky/Resource/Data/Enum/Enum_SunDirection.uasset" 1468
"C:/Users/maric/OneDrive/Documents/GitHub/Edward_Octohands/Content/GoodSky/Resource/Data/Enum/Enum_SunDirection.uexp" 1469
"C:/Users/maric/OneDrive/Documents/GitHub/Edward_Octohands/Content/GoodSky/Resource/Data/DataTable/DataTable_GoodSky.uasset" 1470
"C:/Users/maric/OneDrive/Documents/GitHub/Edward_Octohands/Content/GoodSky/Resource/Data/DataTable/DataTable_GoodSky.uexp" 1471
"C:/Users/maric/OneDrive/Documents/GitHub/Edward_Octohands/Content/GoodSky/Resource/Data/Curve/Curve_GoodSky_SunLight.uasset" 1472
"C:/Users/maric/OneDrive/Documents/GitHub/Edward_Octohands/Content/GoodSky/Resource/Data/Curve/Curve_GoodSky_SunLight.uexp" 1473
"C:/Users/maric/OneDrive/Documents/GitHub/Edward_Octohands/Content/GoodSky/Resource/Data/Curve/Curve_GoodSky_SunDirection_Vector.uasset" 1474
"C:/Users/maric/OneDrive/Documents/GitHub/Edward_Octohands/Content/GoodSky/Resource/Data/Curve/Curve_GoodSky_SunDirection_Vector.uexp" 1475
"C:/Users/maric/OneDrive/Documents/GitHub/Edward_Octohands/Content/GoodSky/Resource/Data/Curve/Curve_GoodSky_Stars.uasset" 1476
"C:/Users/maric/OneDrive/Documents/GitHub/Edward_Octohands/Content/GoodSky/Resource/Data/Curve/Curve_GoodSky_Stars.uexp" 1477
"C:/Users/maric/OneDrive/Documents/GitHub/Edward_Octohands/Content/GoodSky/Resource/Data/Curve/Curve_GoodSky_horizon_Color.uasset" 1478
"C:/Users/maric/OneDrive/Documents/GitHub/Edward_Octohands/Content/GoodSky/Resource/Data/Curve/Curve_GoodSky_horizon_Color.uexp" 1479
"C:/Users/maric/OneDrive/Documents/GitHub/Edward_Octohands/Content/GoodSky/Resource/Data/Curve/Curve_GoodSky_DomeColor.uasset" 1480
"C:/Users/maric/OneDrive/Documents/GitHub/Edward_Octohands/Content/GoodSky/Resource/Data/Curve/Curve_GoodSky_DomeColor.uexp" 1481
"C:/Users/maric/OneDrive/Documents/GitHub/Edward_Octohands/Content/GoodSky/Resource/Data/Curve/Curve_GoodSky_BaseCloudColor.uasset" 1482
"C:/Users/maric/OneDrive/Documents/GitHub/Edward_Octohands/Content/GoodSky/Resource/Data/Curve/Curve_GoodSky_BaseCloudColor.uexp" 1483
"C:/Users/maric/OneDrive/Documents/GitHub/Edward_Octohands/Content/GoodSky/Resource/Data/Curve/Curve_GoodSky_AllOverlayColor.uasset" 1484
"C:/Users/maric/OneDrive/Documents/GitHub/Edward_Octohands/Content/GoodSky/Resource/Data/Curve/Curve_GoodSky_AllOverlayColor.uexp" 1485
"C:/Users/maric/OneDrive/Documents/GitHub/Edward_Octohands/Content/GoodSky/Resource/ArrowTool/M_GoodSky_Sun_Emissive.uasset" 1486
"C:/Users/maric/OneDrive/Documents/GitHub/Edward_Octohands/Content/GoodSky/Resource/ArrowTool/M_GoodSky_Sun_Emissive.uexp" 1487
"C:/Users/maric/OneDrive/Documents/GitHub/Edward_Octohands/Content/GoodSky/Resource/ArrowTool/SM_GoodSky_StarMesh.ubulk" 1488
"C:/Users/maric/OneDrive/Documents/GitHub/Edward_Octohands/Content/GoodSky/Resource/ArrowTool/SM_GoodSky_StarMesh.uasset" 1489
"C:/Users/maric/OneDrive/Documents/GitHub/Edward_Octohands/Content/GoodSky/Resource/ArrowTool/SM_GoodSky_StarMesh.uexp" 1490
"C:/Users/maric/OneDrive/Documents/GitHub/Edward_Octohands/Content/GoodSky/Resource/ArrowTool/SM_GoodSky_Moon.ubulk" 1491
"C:/Users/maric/OneDrive/Documents/GitHub/Edward_Octohands/Content/GoodSky/Resource/ArrowTool/SM_GoodSky_Moon.uasset" 1492
"C:/Users/maric/OneDrive/Documents/GitHub/Edward_Octohands/Content/GoodSky/Resource/ArrowTool/SM_GoodSky_Moon.uexp" 1493
"C:/Users/maric/OneDrive/Documents/GitHub/Edward_Octohands/Content/GoodSky/Resource/ArrowTool/T_GoodSky_SkyRing.ubulk" 1494
"C:/Users/maric/OneDrive/Documents/GitHub/Edward_Octohands/Content/GoodSky/Resource/ArrowTool/T_GoodSky_SkyRing.uasset" 1495
"C:/Users/maric/OneDrive/Documents/GitHub/Edward_Octohands/Content/GoodSky/Resource/ArrowTool/T_GoodSky_SkyRing.uexp" 1496
"C:/Users/maric/OneDrive/Documents/GitHub/Edward_Octohands/Content/GoodSky/Resource/ArrowTool/M_GoodSky_SkyRing_.uasset" 1497
"C:/Users/maric/OneDrive/Documents/GitHub/Edward_Octohands/Content/GoodSky/Resource/ArrowTool/M_GoodSky_SkyRing_.uexp" 1498
"C:/Users/maric/OneDrive/Documents/GitHub/Edward_Octohands/Content/GoodSky/Blueprint/BP_GoodSky.uasset" 1499
"C:/Users/maric/OneDrive/Documents/GitHub/Edward_Octohands/Content/GoodSky/Blueprint/BP_GoodSky.uexp" 1500
"../../../Engine/Content/Functions/Engine_MaterialFunctions01/Texturing/WorldAlignedTexture.uasset" 1501
"../../../Engine/Content/Functions/Engine_MaterialFunctions01/Texturing/WorldAlignedTexture.uexp" 1502
"C:/Users/maric/OneDrive/Documents/GitHub/Edward_Octohands/Content/greyscale_cartoon_textures/stone_patio.ubulk" 1503
"C:/Users/maric/OneDrive/Documents/GitHub/Edward_Octohands/Content/greyscale_cartoon_textures/stone_patio.uasset" 1504
"C:/Users/maric/OneDrive/Documents/GitHub/Edward_Octohands/Content/greyscale_cartoon_textures/stone_patio.uexp" 1505
"C:/Users/maric/OneDrive/Documents/GitHub/Edward_Octohands/Content/greyscale_cartoon_textures/stone_patio_Mat.uasset" 1506
"C:/Users/maric/OneDrive/Documents/GitHub/Edward_Octohands/Content/greyscale_cartoon_textures/stone_patio_Mat.uexp" 1507
"C:/Users/maric/OneDrive/Documents/GitHub/Edward_Octohands/Content/greyscale_cartoon_textures/wood_base.ubulk" 1508
"C:/Users/maric/OneDrive/Documents/GitHub/Edward_Octohands/Content/greyscale_cartoon_textures/wood_base.uasset" 1509
"C:/Users/maric/OneDrive/Documents/GitHub/Edward_Octohands/Content/greyscale_cartoon_textures/wood_base.uexp" 1510
"C:/Users/maric/OneDrive/Documents/GitHub/Edward_Octohands/Content/greyscale_cartoon_textures/wood_base_Mat.uasset" 1511
"C:/Users/maric/OneDrive/Documents/GitHub/Edward_Octohands/Content/greyscale_cartoon_textures/wood_base_Mat.uexp" 1512
"C:/Users/maric/OneDrive/Documents/GitHub/Edward_Octohands/Content/Maps/LevelTwo.uexp" 1513
"C:/Users/maric/OneDrive/Documents/GitHub/Edward_Octohands/Content/Maps/LevelTwo.umap" 1514
"C:/Users/maric/OneDrive/Documents/GitHub/Edward_Octohands/Content/Planks/restaurantbits_texture.ubulk" 1515
"C:/Users/maric/OneDrive/Documents/GitHub/Edward_Octohands/Content/Planks/restaurantbits_texture.uasset" 1516
"C:/Users/maric/OneDrive/Documents/GitHub/Edward_Octohands/Content/Planks/restaurantbits_texture.uexp" 1517
"C:/Users/maric/OneDrive/Documents/GitHub/Edward_Octohands/Content/Planks/restaurant.uasset" 1518
"C:/Users/maric/OneDrive/Documents/GitHub/Edward_Octohands/Content/Planks/restaurant.uexp" 1519
"C:/Users/maric/OneDrive/Documents/GitHub/Edward_Octohands/Content/Planks/crate_lid.ubulk" 1520
"C:/Users/maric/OneDrive/Documents/GitHub/Edward_Octohands/Content/Planks/crate_lid.uasset" 1521
"C:/Users/maric/OneDrive/Documents/GitHub/Edward_Octohands/Content/Planks/crate_lid.uexp" 1522
"C:/Users/maric/OneDrive/Documents/GitHub/Edward_Octohands/Content/Audio/466272__proolsen__pressure-plate.ubulk" 1523
"C:/Users/maric/OneDrive/Documents/GitHub/Edward_Octohands/Content/Audio/466272__proolsen__pressure-plate.uasset" 1524
"C:/Users/maric/OneDrive/Documents/GitHub/Edward_Octohands/Content/Audio/466272__proolsen__pressure-plate.uexp" 1525
"C:/Users/maric/OneDrive/Documents/GitHub/Edward_Octohands/Content/BluePrints/BP_PressurePlate.uasset" 1526
"C:/Users/maric/OneDrive/Documents/GitHub/Edward_Octohands/Content/BluePrints/BP_PressurePlate.uexp" 1527
"C:/Users/maric/OneDrive/Documents/GitHub/Edward_Octohands/Content/LevelPrototyping/Materials/M_FlatCol.uasset" 1528
"C:/Users/maric/OneDrive/Documents/GitHub/Edward_Octohands/Content/LevelPrototyping/Materials/M_FlatCol.uexp" 1529
"C:/Users/maric/OneDrive/Documents/GitHub/Edward_Octohands/Content/LevelPrototyping/Materials/MI_DefaultColorway.uasset" 1530
"C:/Users/maric/OneDrive/Documents/GitHub/Edward_Octohands/Content/LevelPrototyping/Materials/MI_DefaultColorway.uexp" 1531
"C:/Users/maric/OneDrive/Documents/GitHub/Edward_Octohands/Content/LevelPrototyping/Meshes/SM_ChamferCube.ubulk" 1532
"C:/Users/maric/OneDrive/Documents/GitHub/Edward_Octohands/Content/LevelPrototyping/Meshes/SM_ChamferCube.uasset" 1533
"C:/Users/maric/OneDrive/Documents/GitHub/Edward_Octohands/Content/LevelPrototyping/Meshes/SM_ChamferCube.uexp" 1534
"C:/Users/maric/OneDrive/Documents/GitHub/Edward_Octohands/Content/VRTemplate/Materials/MI_VRColorway.uasset" 1535
"C:/Users/maric/OneDrive/Documents/GitHub/Edward_Octohands/Content/VRTemplate/Materials/MI_VRColorway.uexp" 1536
"C:/Users/maric/OneDrive/Documents/GitHub/Edward_Octohands/Content/VRTemplate/Blueprints/Grabbable_SmallCube.uasset" 1537
"C:/Users/maric/OneDrive/Documents/GitHub/Edward_Octohands/Content/VRTemplate/Blueprints/Grabbable_SmallCube.uexp" 1538
"C:/Users/maric/OneDrive/Documents/GitHub/Edward_Octohands/Content/Maps/LevelOne_BuiltData.ubulk" 1539
"C:/Users/maric/OneDrive/Documents/GitHub/Edward_Octohands/Content/Maps/LevelOne_BuiltData.uasset" 1540
"C:/Users/maric/OneDrive/Documents/GitHub/Edward_Octohands/Content/Maps/LevelOne_BuiltData.uexp" 1541
"C:/Users/maric/OneDrive/Documents/GitHub/Edward_Octohands/Content/BluePrints/BP_MovablePlatform.uasset" 1542
"C:/Users/maric/OneDrive/Documents/GitHub/Edward_Octohands/Content/BluePrints/BP_MovablePlatform.uexp" 1543
"C:/Users/maric/OneDrive/Documents/GitHub/Edward_Octohands/Content/Octopus/FF5725.uasset" 1544
"C:/Users/maric/OneDrive/Documents/GitHub/Edward_Octohands/Content/Octopus/FF5725.uexp" 1545
"C:/Users/maric/OneDrive/Documents/GitHub/Edward_Octohands/Content/BluePrints/BP_OctoSuction.uasset" 1546
"C:/Users/maric/OneDrive/Documents/GitHub/Edward_Octohands/Content/BluePrints/BP_OctoSuction.uexp" 1547
"C:/Users/maric/OneDrive/Documents/GitHub/Edward_Octohands/Content/Maps/LevelOne.uexp" 1548
"C:/Users/maric/OneDrive/Documents/GitHub/Edward_Octohands/Content/Maps/LevelOne.umap" 1549
"../../../Engine/Content/EngineSky/T_Sky_Stars.ubulk" 1550
"../../../Engine/Content/EngineSky/T_Sky_Stars.uasset" 1551
"../../../Engine/Content/EngineSky/T_Sky_Stars.uexp" 1552
"../../../Engine/Content/EngineSky/T_Sky_Clouds_M.ubulk" 1553
"../../../Engine/Content/EngineSky/T_Sky_Clouds_M.uasset" 1554
"../../../Engine/Content/EngineSky/T_Sky_Clouds_M.uexp" 1555
"../../../Engine/Content/EngineSky/T_Sky_Blue.ubulk" 1556
"../../../Engine/Content/EngineSky/T_Sky_Blue.uasset" 1557
"../../../Engine/Content/EngineSky/T_Sky_Blue.uexp" 1558
"../../../Engine/Content/EngineSky/M_Sky_Panning_Clouds2.uasset" 1559
"../../../Engine/Content/EngineSky/M_Sky_Panning_Clouds2.uexp" 1560
"../../../Engine/Content/EngineSky/SM_SkySphere.ubulk" 1561
"../../../Engine/Content/EngineSky/SM_SkySphere.uasset" 1562
"../../../Engine/Content/EngineSky/SM_SkySphere.uexp" 1563
"../../../Engine/Content/EngineSky/C_Sky_Zenith_Color.uasset" 1564
"../../../Engine/Content/EngineSky/C_Sky_Zenith_Color.uexp" 1565
"../../../Engine/Content/EngineSky/C_Sky_Horizon_Color.uasset" 1566
"../../../Engine/Content/EngineSky/C_Sky_Horizon_Color.uexp" 1567
"../../../Engine/Content/EngineSky/C_Sky_Cloud_Color.uasset" 1568
"../../../Engine/Content/EngineSky/C_Sky_Cloud_Color.uexp" 1569
"../../../Engine/Content/EngineSky/BP_Sky_Sphere.uasset" 1570
"../../../Engine/Content/EngineSky/BP_Sky_Sphere.uexp" 1571
"C:/Users/maric/OneDrive/Documents/GitHub/Edward_Octohands/Content/Maps/Isaacs_Map_BuiltData.ubulk" 1572
"C:/Users/maric/OneDrive/Documents/GitHub/Edward_Octohands/Content/Maps/Isaacs_Map_BuiltData.uasset" 1573
"C:/Users/maric/OneDrive/Documents/GitHub/Edward_Octohands/Content/Maps/Isaacs_Map_BuiltData.uexp" 1574
"C:/Users/maric/OneDrive/Documents/GitHub/Edward_Octohands/Content/Maps/Isaacs_Map.uexp" 1575
"C:/Users/maric/OneDrive/Documents/GitHub/Edward_Octohands/Content/Maps/Isaacs_Map.umap" 1576
"../../../Engine/Content/Maps/Entry_BuiltData.uasset" 1577
"../../../Engine/Content/Maps/Entry_BuiltData.uexp" 1578
"../../../Engine/Content/Maps/Entry.uexp" 1579
"../../../Engine/Content/Maps/Entry.umap" 1580
